mapping_key,target_kind,program_key,pack_key,pack_version,citation_key,compliance_key,material_key,fact_key,label,description,active
map_title49_motorcarrier_safety_fitness_proceedings_ref_977198e6,compliance_key,fmcsa_fmcsr,title49.motorcarrier.safety_fitness_proceedings_reference,1,t49_part_384,ck_t49_motorcarrier_safety_fitness_proceedings_reference,,,Title 49 FMCSA State Compliance and Proceedings Reference to 49 CFR Part 384,Maps 49 CFR Part 384 to title49.motorcarrier.safety_fitness_proceedings_reference (reference).,true
map_title49_motorcarrier_safety_fitness_proceedings_ref_97db4656,compliance_key,fmcsa_fmcsr,title49.motorcarrier.safety_fitness_proceedings_reference,1,t49_subpart_384_a,ck_t49_motorcarrier_safety_fitness_proceedings_reference,,,Title 49 FMCSA State Compliance and Proceedings Reference to 49 CFR Part 384 Subpart A,Maps 49 CFR Part 384 Subpart A to title49.motorcarrier.safety_fitness_proceedings_reference (reference).,true
map_title49_motorcarrier_safety_fitness_proceedings_ref_fc6988b0,compliance_key,fmcsa_fmcsr,title49.motorcarrier.safety_fitness_proceedings_reference,1,t49_sec_384_101,ck_t49_motorcarrier_safety_fitness_proceedings_reference,,,Title 49 FMCSA State Compliance and Proceedings Reference to 49 CFR 384.101,Maps 49 CFR 384.101 to title49.motorcarrier.safety_fitness_proceedings_reference (reference).,true
map_title49_motorcarrier_safety_fitness_proceedings_ref_b6d31f94,compliance_key,fmcsa_fmcsr,title49.motorcarrier.safety_fitness_proceedings_reference,1,t49_sec_384_103,ck_t49_motorcarrier_safety_fitness_proceedings_reference,,,Title 49 FMCSA State Compliance and Proceedings Reference to 49 CFR 384.103,Maps 49 CFR 384.103 to title49.motorcarrier.safety_fitness_proceedings_reference (reference).,true
map_title49_motorcarrier_safety_fitness_proceedings_ref_b7d840c3,compliance_key,fmcsa_fmcsr,title49.motorcarrier.safety_fitness_proceedings_reference,1,t49_sec_384_105,ck_t49_motorcarrier_safety_fitness_proceedings_reference,,,Title 49 FMCSA State Compliance and Proceedings Reference to 49 CFR 384.105,Maps 49 CFR 384.105 to title49.motorcarrier.safety_fitness_proceedings_reference (reference).,true
map_title49_motorcarrier_safety_fitness_proceedings_ref_5b86ca86,compliance_key,fmcsa_fmcsr,title49.motorcarrier.safety_fitness_proceedings_reference,1,t49_sec_384_107,ck_t49_motorcarrier_safety_fitness_proceedings_reference,,,Title 49 FMCSA State Compliance and Proceedings Reference to 49 CFR 384.107,Maps 49 CFR 384.107 to title49.motorcarrier.safety_fitness_proceedings_reference (reference).,true
map_title49_motorcarrier_safety_fitness_proceedings_ref_e413ea9c,compliance_key,fmcsa_fmcsr,title49.motorcarrier.safety_fitness_proceedings_reference,1,t49_subpart_384_b,ck_t49_motorcarrier_safety_fitness_proceedings_reference,,,Title 49 FMCSA State Compliance and Proceedings Reference to 49 CFR Part 384 Subpart B,Maps 49 CFR Part 384 Subpart B to title49.motorcarrier.safety_fitness_proceedings_reference (reference).,true
map_title49_motorcarrier_safety_fitness_proceedings_ref_184bd697,compliance_key,fmcsa_fmcsr,title49.motorcarrier.safety_fitness_proceedings_reference,1,t49_sec_384_201,ck_t49_motorcarrier_safety_fitness_proceedings_reference,,,Title 49 FMCSA State Compliance and Proceedings Reference to 49 CFR 384.201,Maps 49 CFR 384.201 to title49.motorcarrier.safety_fitness_proceedings_reference (reference).,true
map_title49_motorcarrier_safety_fitness_proceedings_ref_8f228228,compliance_key,fmcsa_fmcsr,title49.motorcarrier.safety_fitness_proceedings_reference,1,t49_sec_384_202,ck_t49_motorcarrier_safety_fitness_proceedings_reference,,,Title 49 FMCSA State Compliance and Proceedings Reference to 49 CFR 384.202,Maps 49 CFR 384.202 to title49.motorcarrier.safety_fitness_proceedings_reference (reference).,true
map_title49_motorcarrier_safety_fitness_proceedings_ref_bd44fb5b,compliance_key,fmcsa_fmcsr,title49.motorcarrier.safety_fitness_proceedings_reference,1,t49_sec_384_203,ck_t49_motorcarrier_safety_fitness_proceedings_reference,,,Title 49 FMCSA State Compliance and Proceedings Reference to 49 CFR 384.203,Maps 49 CFR 384.203 to title49.motorcarrier.safety_fitness_proceedings_reference (reference).,true
map_title49_motorcarrier_safety_fitness_proceedings_ref_081cf9c5,compliance_key,fmcsa_fmcsr,title49.motorcarrier.safety_fitness_proceedings_reference,1,t49_sec_384_204,ck_t49_motorcarrier_safety_fitness_proceedings_reference,,,Title 49 FMCSA State Compliance and Proceedings Reference to 49 CFR 384.204,Maps 49 CFR 384.204 to title49.motorcarrier.safety_fitness_proceedings_reference (reference).,true
map_title49_motorcarrier_safety_fitness_proceedings_ref_3fa8b1d6,compliance_key,fmcsa_fmcsr,title49.motorcarrier.safety_fitness_proceedings_reference,1,t49_sec_384_205,ck_t49_motorcarrier_safety_fitness_proceedings_reference,,,Title 49 FMCSA State Compliance and Proceedings Reference to 49 CFR 384.205,Maps 49 CFR 384.205 to title49.motorcarrier.safety_fitness_proceedings_reference (reference).,true
map_title49_motorcarrier_safety_fitness_proceedings_ref_21b99bd6,compliance_key,fmcsa_fmcsr,title49.motorcarrier.safety_fitness_proceedings_reference,1,t49_sec_384_206,ck_t49_motorcarrier_safety_fitness_proceedings_reference,,,Title 49 FMCSA State Compliance and Proceedings Reference to 49 CFR 384.206,Maps 49 CFR 384.206 to title49.motorcarrier.safety_fitness_proceedings_reference (reference).,true
map_title49_motorcarrier_safety_fitness_proceedings_ref_362d90ed,compliance_key,fmcsa_fmcsr,title49.motorcarrier.safety_fitness_proceedings_reference,1,t49_sec_384_207,ck_t49_motorcarrier_safety_fitness_proceedings_reference,,,Title 49 FMCSA State Compliance and Proceedings Reference to 49 CFR 384.207,Maps 49 CFR 384.207 to title49.motorcarrier.safety_fitness_proceedings_reference (reference).,true
map_title49_motorcarrier_safety_fitness_proceedings_ref_9956e2ad,compliance_key,fmcsa_fmcsr,title49.motorcarrier.safety_fitness_proceedings_reference,1,t49_sec_384_208,ck_t49_motorcarrier_safety_fitness_proceedings_reference,,,Title 49 FMCSA State Compliance and Proceedings Reference to 49 CFR 384.208,Maps 49 CFR 384.208 to title49.motorcarrier.safety_fitness_proceedings_reference (reference).,true
map_title49_motorcarrier_safety_fitness_proceedings_ref_e760ba6a,compliance_key,fmcsa_fmcsr,title49.motorcarrier.safety_fitness_proceedings_reference,1,t49_sec_384_209,ck_t49_motorcarrier_safety_fitness_proceedings_reference,,,Title 49 FMCSA State Compliance and Proceedings Reference to 49 CFR 384.209,Maps 49 CFR 384.209 to title49.motorcarrier.safety_fitness_proceedings_reference (reference).,true
map_title49_motorcarrier_safety_fitness_proceedings_ref_1a8d6fb4,compliance_key,fmcsa_fmcsr,title49.motorcarrier.safety_fitness_proceedings_reference,1,t49_sec_384_210,ck_t49_motorcarrier_safety_fitness_proceedings_reference,,,Title 49 FMCSA State Compliance and Proceedings Reference to 49 CFR 384.210,Maps 49 CFR 384.210 to title49.motorcarrier.safety_fitness_proceedings_reference (reference).,true
map_title49_motorcarrier_safety_fitness_proceedings_ref_95ebff9d,compliance_key,fmcsa_fmcsr,title49.motorcarrier.safety_fitness_proceedings_reference,1,t49_sec_384_211,ck_t49_motorcarrier_safety_fitness_proceedings_reference,,,Title 49 FMCSA State Compliance and Proceedings Reference to 49 CFR 384.211,Maps 49 CFR 384.211 to title49.motorcarrier.safety_fitness_proceedings_reference (reference).,true
map_title49_motorcarrier_safety_fitness_proceedings_ref_ace8c0e1,compliance_key,fmcsa_fmcsr,title49.motorcarrier.safety_fitness_proceedings_reference,1,t49_sec_384_212,ck_t49_motorcarrier_safety_fitness_proceedings_reference,,,Title 49 FMCSA State Compliance and Proceedings Reference to 49 CFR 384.212,Maps 49 CFR 384.212 to title49.motorcarrier.safety_fitness_proceedings_reference (reference).,true
map_title49_motorcarrier_safety_fitness_proceedings_ref_469cf94b,compliance_key,fmcsa_fmcsr,title49.motorcarrier.safety_fitness_proceedings_reference,1,t49_sec_384_213,ck_t49_motorcarrier_safety_fitness_proceedings_reference,,,Title 49 FMCSA State Compliance and Proceedings Reference to 49 CFR 384.213,Maps 49 CFR 384.213 to title49.motorcarrier.safety_fitness_proceedings_reference (reference).,true
map_title49_motorcarrier_safety_fitness_proceedings_ref_9e14d0d9,compliance_key,fmcsa_fmcsr,title49.motorcarrier.safety_fitness_proceedings_reference,1,t49_sec_384_214,ck_t49_motorcarrier_safety_fitness_proceedings_reference,,,Title 49 FMCSA State Compliance and Proceedings Reference to 49 CFR 384.214,Maps 49 CFR 384.214 to title49.motorcarrier.safety_fitness_proceedings_reference (reference).,true
map_title49_motorcarrier_safety_fitness_proceedings_ref_2635e79c,compliance_key,fmcsa_fmcsr,title49.motorcarrier.safety_fitness_proceedings_reference,1,t49_sec_384_215,ck_t49_motorcarrier_safety_fitness_proceedings_reference,,,Title 49 FMCSA State Compliance and Proceedings Reference to 49 CFR 384.215,Maps 49 CFR 384.215 to title49.motorcarrier.safety_fitness_proceedings_reference (reference).,true
map_title49_motorcarrier_safety_fitness_proceedings_ref_67678f4e,compliance_key,fmcsa_fmcsr,title49.motorcarrier.safety_fitness_proceedings_reference,1,t49_sec_384_216,ck_t49_motorcarrier_safety_fitness_proceedings_reference,,,Title 49 FMCSA State Compliance and Proceedings Reference to 49 CFR 384.216,Maps 49 CFR 384.216 to title49.motorcarrier.safety_fitness_proceedings_reference (reference).,true
map_title49_motorcarrier_safety_fitness_proceedings_ref_3a253f4e,compliance_key,fmcsa_fmcsr,title49.motorcarrier.safety_fitness_proceedings_reference,1,t49_sec_384_217,ck_t49_motorcarrier_safety_fitness_proceedings_reference,,,Title 49 FMCSA State Compliance and Proceedings Reference to 49 CFR 384.217,Maps 49 CFR 384.217 to title49.motorcarrier.safety_fitness_proceedings_reference (reference).,true
map_title49_motorcarrier_safety_fitness_proceedings_ref_e88db751,compliance_key,fmcsa_fmcsr,title49.motorcarrier.safety_fitness_proceedings_reference,1,t49_sec_384_218,ck_t49_motorcarrier_safety_fitness_proceedings_reference,,,Title 49 FMCSA State Compliance and Proceedings Reference to 49 CFR 384.218,Maps 49 CFR 384.218 to title49.motorcarrier.safety_fitness_proceedings_reference (reference).,true
map_title49_motorcarrier_safety_fitness_proceedings_ref_b01afb32,compliance_key,fmcsa_fmcsr,title49.motorcarrier.safety_fitness_proceedings_reference,1,t49_sec_384_219,ck_t49_motorcarrier_safety_fitness_proceedings_reference,,,Title 49 FMCSA State Compliance and Proceedings Reference to 49 CFR 384.219,Maps 49 CFR 384.219 to title49.motorcarrier.safety_fitness_proceedings_reference (reference).,true
map_title49_motorcarrier_safety_fitness_proceedings_ref_35a7abcf,compliance_key,fmcsa_fmcsr,title49.motorcarrier.safety_fitness_proceedings_reference,1,t49_sec_384_220,ck_t49_motorcarrier_safety_fitness_proceedings_reference,,,Title 49 FMCSA State Compliance and Proceedings Reference to 49 CFR 384.220,Maps 49 CFR 384.220 to title49.motorcarrier.safety_fitness_proceedings_reference (reference).,true
map_title49_motorcarrier_safety_fitness_proceedings_ref_dcccf266,compliance_key,fmcsa_fmcsr,title49.motorcarrier.safety_fitness_proceedings_reference,1,t49_sec_384_221,ck_t49_motorcarrier_safety_fitness_proceedings_reference,,,Title 49 FMCSA State Compliance and Proceedings Reference to 49 CFR 384.221,Maps 49 CFR 384.221 to title49.motorcarrier.safety_fitness_proceedings_reference (reference).,true
map_title49_motorcarrier_safety_fitness_proceedings_ref_eb3c03e7,compliance_key,fmcsa_fmcsr,title49.motorcarrier.safety_fitness_proceedings_reference,1,t49_sec_384_222,ck_t49_motorcarrier_safety_fitness_proceedings_reference,,,Title 49 FMCSA State Compliance and Proceedings Reference to 49 CFR 384.222,Maps 49 CFR 384.222 to title49.motorcarrier.safety_fitness_proceedings_reference (reference).,true
map_title49_motorcarrier_safety_fitness_proceedings_ref_78a8edcb,compliance_key,fmcsa_fmcsr,title49.motorcarrier.safety_fitness_proceedings_reference,1,t49_sec_384_223,ck_t49_motorcarrier_safety_fitness_proceedings_reference,,,Title 49 FMCSA State Compliance and Proceedings Reference to 49 CFR 384.223,Maps 49 CFR 384.223 to title49.motorcarrier.safety_fitness_proceedings_reference (reference).,true
map_title49_motorcarrier_safety_fitness_proceedings_ref_c4112ada,compliance_key,fmcsa_fmcsr,title49.motorcarrier.safety_fitness_proceedings_reference,1,t49_sec_384_224,ck_t49_motorcarrier_safety_fitness_proceedings_reference,,,Title 49 FMCSA State Compliance and Proceedings Reference to 49 CFR 384.224,Maps 49 CFR 384.224 to title49.motorcarrier.safety_fitness_proceedings_reference (reference).,true
map_title49_motorcarrier_safety_fitness_proceedings_ref_240a0d3f,compliance_key,fmcsa_fmcsr,title49.motorcarrier.safety_fitness_proceedings_reference,1,t49_sec_384_225,ck_t49_motorcarrier_safety_fitness_proceedings_reference,,,Title 49 FMCSA State Compliance and Proceedings Reference to 49 CFR 384.225,Maps 49 CFR 384.225 to title49.motorcarrier.safety_fitness_proceedings_reference (reference).,true
map_title49_motorcarrier_safety_fitness_proceedings_ref_901f3cee,compliance_key,fmcsa_fmcsr,title49.motorcarrier.safety_fitness_proceedings_reference,1,t49_sec_384_226,ck_t49_motorcarrier_safety_fitness_proceedings_reference,,,Title 49 FMCSA State Compliance and Proceedings Reference to 49 CFR 384.226,Maps 49 CFR 384.226 to title49.motorcarrier.safety_fitness_proceedings_reference (reference).,true
map_title49_motorcarrier_safety_fitness_proceedings_ref_82aea206,compliance_key,fmcsa_fmcsr,title49.motorcarrier.safety_fitness_proceedings_reference,1,t49_sec_384_227,ck_t49_motorcarrier_safety_fitness_proceedings_reference,,,Title 49 FMCSA State Compliance and Proceedings Reference to 49 CFR 384.227,Maps 49 CFR 384.227 to title49.motorcarrier.safety_fitness_proceedings_reference (reference).,true
map_title49_motorcarrier_safety_fitness_proceedings_ref_0557957c,compliance_key,fmcsa_fmcsr,title49.motorcarrier.safety_fitness_proceedings_reference,1,t49_sec_384_228,ck_t49_motorcarrier_safety_fitness_proceedings_reference,,,Title 49 FMCSA State Compliance and Proceedings Reference to 49 CFR 384.228,Maps 49 CFR 384.228 to title49.motorcarrier.safety_fitness_proceedings_reference (reference).,true
map_title49_motorcarrier_safety_fitness_proceedings_ref_81986460,compliance_key,fmcsa_fmcsr,title49.motorcarrier.safety_fitness_proceedings_reference,1,t49_sec_384_229,ck_t49_motorcarrier_safety_fitness_proceedings_reference,,,Title 49 FMCSA State Compliance and Proceedings Reference to 49 CFR 384.229,Maps 49 CFR 384.229 to title49.motorcarrier.safety_fitness_proceedings_reference (reference).,true
map_title49_motorcarrier_safety_fitness_proceedings_ref_cbec40f4,compliance_key,fmcsa_fmcsr,title49.motorcarrier.safety_fitness_proceedings_reference,1,t49_sec_384_230,ck_t49_motorcarrier_safety_fitness_proceedings_reference,,,Title 49 FMCSA State Compliance and Proceedings Reference to 49 CFR 384.230,Maps 49 CFR 384.230 to title49.motorcarrier.safety_fitness_proceedings_reference (reference).,true
map_title49_motorcarrier_safety_fitness_proceedings_ref_1b796865,compliance_key,fmcsa_fmcsr,title49.motorcarrier.safety_fitness_proceedings_reference,1,t49_sec_384_231,ck_t49_motorcarrier_safety_fitness_proceedings_reference,,,Title 49 FMCSA State Compliance and Proceedings Reference to 49 CFR 384.231,Maps 49 CFR 384.231 to title49.motorcarrier.safety_fitness_proceedings_reference (reference).,true
map_title49_motorcarrier_safety_fitness_proceedings_ref_d62f186e,compliance_key,fmcsa_fmcsr,title49.motorcarrier.safety_fitness_proceedings_reference,1,t49_sec_384_232,ck_t49_motorcarrier_safety_fitness_proceedings_reference,,,Title 49 FMCSA State Compliance and Proceedings Reference to 49 CFR 384.232,Maps 49 CFR 384.232 to title49.motorcarrier.safety_fitness_proceedings_reference (reference).,true
map_title49_motorcarrier_safety_fitness_proceedings_ref_229a163f,compliance_key,fmcsa_fmcsr,title49.motorcarrier.safety_fitness_proceedings_reference,1,t49_sec_384_233,ck_t49_motorcarrier_safety_fitness_proceedings_reference,,,Title 49 FMCSA State Compliance and Proceedings Reference to 49 CFR 384.233,Maps 49 CFR 384.233 to title49.motorcarrier.safety_fitness_proceedings_reference (reference).,true
map_title49_motorcarrier_safety_fitness_proceedings_ref_9fddf482,compliance_key,fmcsa_fmcsr,title49.motorcarrier.safety_fitness_proceedings_reference,1,t49_sec_384_234,ck_t49_motorcarrier_safety_fitness_proceedings_reference,,,Title 49 FMCSA State Compliance and Proceedings Reference to 49 CFR 384.234,Maps 49 CFR 384.234 to title49.motorcarrier.safety_fitness_proceedings_reference (reference).,true
map_title49_motorcarrier_safety_fitness_proceedings_ref_b7b7c76d,compliance_key,fmcsa_fmcsr,title49.motorcarrier.safety_fitness_proceedings_reference,1,t49_sec_384_235,ck_t49_motorcarrier_safety_fitness_proceedings_reference,,,Title 49 FMCSA State Compliance and Proceedings Reference to 49 CFR 384.235,Maps 49 CFR 384.235 to title49.motorcarrier.safety_fitness_proceedings_reference (reference).,true
map_title49_motorcarrier_safety_fitness_proceedings_ref_24519f91,compliance_key,fmcsa_fmcsr,title49.motorcarrier.safety_fitness_proceedings_reference,1,t49_sec_384_236,ck_t49_motorcarrier_safety_fitness_proceedings_reference,,,Title 49 FMCSA State Compliance and Proceedings Reference to 49 CFR 384.236,Maps 49 CFR 384.236 to title49.motorcarrier.safety_fitness_proceedings_reference (reference).,true
map_title49_motorcarrier_safety_fitness_proceedings_ref_6a9ea536,compliance_key,fmcsa_fmcsr,title49.motorcarrier.safety_fitness_proceedings_reference,1,t49_subpart_384_c,ck_t49_motorcarrier_safety_fitness_proceedings_reference,,,Title 49 FMCSA State Compliance and Proceedings Reference to 49 CFR Part 384 Subpart C,Maps 49 CFR Part 384 Subpart C to title49.motorcarrier.safety_fitness_proceedings_reference (reference).,true
map_title49_motorcarrier_safety_fitness_proceedings_ref_1e9e7d51,compliance_key,fmcsa_fmcsr,title49.motorcarrier.safety_fitness_proceedings_reference,1,t49_sec_384_301,ck_t49_motorcarrier_safety_fitness_proceedings_reference,,,Title 49 FMCSA State Compliance and Proceedings Reference to 49 CFR 384.301,Maps 49 CFR 384.301 to title49.motorcarrier.safety_fitness_proceedings_reference (reference).,true
map_title49_motorcarrier_safety_fitness_proceedings_ref_43248889,compliance_key,fmcsa_fmcsr,title49.motorcarrier.safety_fitness_proceedings_reference,1,t49_sec_384_303,ck_t49_motorcarrier_safety_fitness_proceedings_reference,,,Title 49 FMCSA State Compliance and Proceedings Reference to 49 CFR 384.303,Maps 49 CFR 384.303 to title49.motorcarrier.safety_fitness_proceedings_reference (reference).,false
map_title49_motorcarrier_safety_fitness_proceedings_ref_f65dc02c,compliance_key,fmcsa_fmcsr,title49.motorcarrier.safety_fitness_proceedings_reference,1,t49_sec_384_305,ck_t49_motorcarrier_safety_fitness_proceedings_reference,,,Title 49 FMCSA State Compliance and Proceedings Reference to 49 CFR 384.305,Maps 49 CFR 384.305 to title49.motorcarrier.safety_fitness_proceedings_reference (reference).,true
map_title49_motorcarrier_safety_fitness_proceedings_ref_fa923f31,compliance_key,fmcsa_fmcsr,title49.motorcarrier.safety_fitness_proceedings_reference,1,t49_sec_384_307,ck_t49_motorcarrier_safety_fitness_proceedings_reference,,,Title 49 FMCSA State Compliance and Proceedings Reference to 49 CFR 384.307,Maps 49 CFR 384.307 to title49.motorcarrier.safety_fitness_proceedings_reference (reference).,true
map_title49_motorcarrier_safety_fitness_proceedings_ref_ee9cc6cb,compliance_key,fmcsa_fmcsr,title49.motorcarrier.safety_fitness_proceedings_reference,1,t49_sec_384_309,ck_t49_motorcarrier_safety_fitness_proceedings_reference,,,Title 49 FMCSA State Compliance and Proceedings Reference to 49 CFR 384.309,Maps 49 CFR 384.309 to title49.motorcarrier.safety_fitness_proceedings_reference (reference).,true
map_title49_motorcarrier_safety_fitness_proceedings_ref_d939838c,compliance_key,fmcsa_fmcsr,title49.motorcarrier.safety_fitness_proceedings_reference,1,t49_subpart_384_d,ck_t49_motorcarrier_safety_fitness_proceedings_reference,,,Title 49 FMCSA State Compliance and Proceedings Reference to 49 CFR Part 384 Subpart D,Maps 49 CFR Part 384 Subpart D to title49.motorcarrier.safety_fitness_proceedings_reference (reference).,true
map_title49_motorcarrier_safety_fitness_proceedings_ref_6e1e5166,compliance_key,fmcsa_fmcsr,title49.motorcarrier.safety_fitness_proceedings_reference,1,t49_sec_384_401,ck_t49_motorcarrier_safety_fitness_proceedings_reference,,,Title 49 FMCSA State Compliance and Proceedings Reference to 49 CFR 384.401,Maps 49 CFR 384.401 to title49.motorcarrier.safety_fitness_proceedings_reference (reference).,true
map_title49_motorcarrier_safety_fitness_proceedings_ref_500e1aeb,compliance_key,fmcsa_fmcsr,title49.motorcarrier.safety_fitness_proceedings_reference,1,t49_sec_384_403,ck_t49_motorcarrier_safety_fitness_proceedings_reference,,,Title 49 FMCSA State Compliance and Proceedings Reference to 49 CFR 384.403,Maps 49 CFR 384.403 to title49.motorcarrier.safety_fitness_proceedings_reference (reference).,true
map_title49_motorcarrier_safety_fitness_proceedings_ref_76e921d5,compliance_key,fmcsa_fmcsr,title49.motorcarrier.safety_fitness_proceedings_reference,1,t49_sec_384_405,ck_t49_motorcarrier_safety_fitness_proceedings_reference,,,Title 49 FMCSA State Compliance and Proceedings Reference to 49 CFR 384.405,Maps 49 CFR 384.405 to title49.motorcarrier.safety_fitness_proceedings_reference (reference).,true
map_title49_motorcarrier_safety_fitness_proceedings_ref_3e0c201a,compliance_key,fmcsa_fmcsr,title49.motorcarrier.safety_fitness_proceedings_reference,1,t49_sec_384_407,ck_t49_motorcarrier_safety_fitness_proceedings_reference,,,Title 49 FMCSA State Compliance and Proceedings Reference to 49 CFR 384.407,Maps 49 CFR 384.407 to title49.motorcarrier.safety_fitness_proceedings_reference (reference).,false
map_title49_motorcarrier_safety_fitness_proceedings_ref_b77cc5b9,compliance_key,fmcsa_fmcsr,title49.motorcarrier.safety_fitness_proceedings_reference,1,t49_sec_384_409,ck_t49_motorcarrier_safety_fitness_proceedings_reference,,,Title 49 FMCSA State Compliance and Proceedings Reference to 49 CFR 384.409,Maps 49 CFR 384.409 to title49.motorcarrier.safety_fitness_proceedings_reference (reference).,true
map_title49_motorcarrier_safety_fitness_proceedings_ref_03ba7358,compliance_key,fmcsa_fmcsr,title49.motorcarrier.safety_fitness_proceedings_reference,1,t49_part_385,ck_t49_motorcarrier_safety_fitness_proceedings_reference,,,Title 49 FMCSA State Compliance and Proceedings Reference to 49 CFR Part 385,Maps 49 CFR Part 385 to title49.motorcarrier.safety_fitness_proceedings_reference (reference).,true
map_title49_motorcarrier_safety_fitness_proceedings_ref_5223f67f,compliance_key,fmcsa_fmcsr,title49.motorcarrier.safety_fitness_proceedings_reference,1,t49_subpart_385_a,ck_t49_motorcarrier_safety_fitness_proceedings_reference,,,Title 49 FMCSA State Compliance and Proceedings Reference to 49 CFR Part 385 Subpart A,Maps 49 CFR Part 385 Subpart A to title49.motorcarrier.safety_fitness_proceedings_reference (reference).,true
map_title49_motorcarrier_safety_fitness_proceedings_ref_58d24223,compliance_key,fmcsa_fmcsr,title49.motorcarrier.safety_fitness_proceedings_reference,1,t49_sec_385_1,ck_t49_motorcarrier_safety_fitness_proceedings_reference,,,Title 49 FMCSA State Compliance and Proceedings Reference to 49 CFR 385.1,Maps 49 CFR 385.1 to title49.motorcarrier.safety_fitness_proceedings_reference (reference).,true
map_title49_motorcarrier_safety_fitness_proceedings_ref_d75b26be,compliance_key,fmcsa_fmcsr,title49.motorcarrier.safety_fitness_proceedings_reference,1,t49_sec_385_3,ck_t49_motorcarrier_safety_fitness_proceedings_reference,,,Title 49 FMCSA State Compliance and Proceedings Reference to 49 CFR 385.3,Maps 49 CFR 385.3 to title49.motorcarrier.safety_fitness_proceedings_reference (reference).,true
map_title49_motorcarrier_safety_fitness_proceedings_ref_82b969bc,compliance_key,fmcsa_fmcsr,title49.motorcarrier.safety_fitness_proceedings_reference,1,t49_sec_385_4,ck_t49_motorcarrier_safety_fitness_proceedings_reference,,,Title 49 FMCSA State Compliance and Proceedings Reference to 49 CFR 385.4,Maps 49 CFR 385.4 to title49.motorcarrier.safety_fitness_proceedings_reference (reference).,true
map_title49_motorcarrier_safety_fitness_proceedings_ref_08a34aa9,compliance_key,fmcsa_fmcsr,title49.motorcarrier.safety_fitness_proceedings_reference,1,t49_sec_385_5,ck_t49_motorcarrier_safety_fitness_proceedings_reference,,,Title 49 FMCSA State Compliance and Proceedings Reference to 49 CFR 385.5,Maps 49 CFR 385.5 to title49.motorcarrier.safety_fitness_proceedings_reference (reference).,true
map_title49_motorcarrier_safety_fitness_proceedings_ref_d838da20,compliance_key,fmcsa_fmcsr,title49.motorcarrier.safety_fitness_proceedings_reference,1,t49_sec_385_7,ck_t49_motorcarrier_safety_fitness_proceedings_reference,,,Title 49 FMCSA State Compliance and Proceedings Reference to 49 CFR 385.7,Maps 49 CFR 385.7 to title49.motorcarrier.safety_fitness_proceedings_reference (reference).,true
map_title49_motorcarrier_safety_fitness_proceedings_ref_5abda585,compliance_key,fmcsa_fmcsr,title49.motorcarrier.safety_fitness_proceedings_reference,1,t49_sec_385_9,ck_t49_motorcarrier_safety_fitness_proceedings_reference,,,Title 49 FMCSA State Compliance and Proceedings Reference to 49 CFR 385.9,Maps 49 CFR 385.9 to title49.motorcarrier.safety_fitness_proceedings_reference (reference).,true
map_title49_motorcarrier_safety_fitness_proceedings_ref_1462e62e,compliance_key,fmcsa_fmcsr,title49.motorcarrier.safety_fitness_proceedings_reference,1,t49_sec_385_11,ck_t49_motorcarrier_safety_fitness_proceedings_reference,,,Title 49 FMCSA State Compliance and Proceedings Reference to 49 CFR 385.11,Maps 49 CFR 385.11 to title49.motorcarrier.safety_fitness_proceedings_reference (reference).,true
map_title49_motorcarrier_safety_fitness_proceedings_ref_ab272054,compliance_key,fmcsa_fmcsr,title49.motorcarrier.safety_fitness_proceedings_reference,1,t49_sec_385_13,ck_t49_motorcarrier_safety_fitness_proceedings_reference,,,Title 49 FMCSA State Compliance and Proceedings Reference to 49 CFR 385.13,Maps 49 CFR 385.13 to title49.motorcarrier.safety_fitness_proceedings_reference (reference).,true
map_title49_motorcarrier_safety_fitness_proceedings_ref_a439d6e6,compliance_key,fmcsa_fmcsr,title49.motorcarrier.safety_fitness_proceedings_reference,1,t49_sec_385_14,ck_t49_motorcarrier_safety_fitness_proceedings_reference,,,Title 49 FMCSA State Compliance and Proceedings Reference to 49 CFR 385.14,Maps 49 CFR 385.14 to title49.motorcarrier.safety_fitness_proceedings_reference (reference).,true
map_title49_motorcarrier_safety_fitness_proceedings_ref_11088e61,compliance_key,fmcsa_fmcsr,title49.motorcarrier.safety_fitness_proceedings_reference,1,t49_sec_385_15,ck_t49_motorcarrier_safety_fitness_proceedings_reference,,,Title 49 FMCSA State Compliance and Proceedings Reference to 49 CFR 385.15,Maps 49 CFR 385.15 to title49.motorcarrier.safety_fitness_proceedings_reference (reference).,true
map_title49_motorcarrier_safety_fitness_proceedings_ref_38e4bf79,compliance_key,fmcsa_fmcsr,title49.motorcarrier.safety_fitness_proceedings_reference,1,t49_sec_385_17,ck_t49_motorcarrier_safety_fitness_proceedings_reference,,,Title 49 FMCSA State Compliance and Proceedings Reference to 49 CFR 385.17,Maps 49 CFR 385.17 to title49.motorcarrier.safety_fitness_proceedings_reference (reference).,true
map_title49_motorcarrier_safety_fitness_proceedings_ref_e4aab95b,compliance_key,fmcsa_fmcsr,title49.motorcarrier.safety_fitness_proceedings_reference,1,t49_sec_385_19,ck_t49_motorcarrier_safety_fitness_proceedings_reference,,,Title 49 FMCSA State Compliance and Proceedings Reference to 49 CFR 385.19,Maps 49 CFR 385.19 to title49.motorcarrier.safety_fitness_proceedings_reference (reference).,true
map_title49_motorcarrier_safety_fitness_proceedings_ref_cb49878d,compliance_key,fmcsa_fmcsr,title49.motorcarrier.safety_fitness_proceedings_reference,1,t49_sec_385_21,ck_t49_motorcarrier_safety_fitness_proceedings_reference,,,Title 49 FMCSA State Compliance and Proceedings Reference to 49 CFR 385.21,Maps 49 CFR 385.21 to title49.motorcarrier.safety_fitness_proceedings_reference (reference).,true
map_title49_motorcarrier_safety_fitness_proceedings_ref_e404ffbc,compliance_key,fmcsa_fmcsr,title49.motorcarrier.safety_fitness_proceedings_reference,1,t49_subpart_385_b,ck_t49_motorcarrier_safety_fitness_proceedings_reference,,,Title 49 FMCSA State Compliance and Proceedings Reference to 49 CFR Part 385 Subpart B,Maps 49 CFR Part 385 Subpart B to title49.motorcarrier.safety_fitness_proceedings_reference (reference).,true
map_title49_motorcarrier_safety_fitness_proceedings_ref_0e37e938,compliance_key,fmcsa_fmcsr,title49.motorcarrier.safety_fitness_proceedings_reference,1,t49_sec_385_101,ck_t49_motorcarrier_safety_fitness_proceedings_reference,,,Title 49 FMCSA State Compliance and Proceedings Reference to 49 CFR 385.101,Maps 49 CFR 385.101 to title49.motorcarrier.safety_fitness_proceedings_reference (reference).,true
map_title49_motorcarrier_safety_fitness_proceedings_ref_ac01e495,compliance_key,fmcsa_fmcsr,title49.motorcarrier.safety_fitness_proceedings_reference,1,t49_sec_385_103,ck_t49_motorcarrier_safety_fitness_proceedings_reference,,,Title 49 FMCSA State Compliance and Proceedings Reference to 49 CFR 385.103,Maps 49 CFR 385.103 to title49.motorcarrier.safety_fitness_proceedings_reference (reference).,true
map_title49_motorcarrier_safety_fitness_proceedings_ref_9df13e0f,compliance_key,fmcsa_fmcsr,title49.motorcarrier.safety_fitness_proceedings_reference,1,t49_sec_385_105,ck_t49_motorcarrier_safety_fitness_proceedings_reference,,,Title 49 FMCSA State Compliance and Proceedings Reference to 49 CFR 385.105,Maps 49 CFR 385.105 to title49.motorcarrier.safety_fitness_proceedings_reference (reference).,true
map_title49_motorcarrier_safety_fitness_proceedings_ref_c7511e57,compliance_key,fmcsa_fmcsr,title49.motorcarrier.safety_fitness_proceedings_reference,1,t49_sec_385_107,ck_t49_motorcarrier_safety_fitness_proceedings_reference,,,Title 49 FMCSA State Compliance and Proceedings Reference to 49 CFR 385.107,Maps 49 CFR 385.107 to title49.motorcarrier.safety_fitness_proceedings_reference (reference).,true
map_title49_motorcarrier_safety_fitness_proceedings_ref_1aabfe79,compliance_key,fmcsa_fmcsr,title49.motorcarrier.safety_fitness_proceedings_reference,1,t49_sec_385_109,ck_t49_motorcarrier_safety_fitness_proceedings_reference,,,Title 49 FMCSA State Compliance and Proceedings Reference to 49 CFR 385.109,Maps 49 CFR 385.109 to title49.motorcarrier.safety_fitness_proceedings_reference (reference).,true
map_title49_motorcarrier_safety_fitness_proceedings_ref_9d448d0f,compliance_key,fmcsa_fmcsr,title49.motorcarrier.safety_fitness_proceedings_reference,1,t49_sec_385_111,ck_t49_motorcarrier_safety_fitness_proceedings_reference,,,Title 49 FMCSA State Compliance and Proceedings Reference to 49 CFR 385.111,Maps 49 CFR 385.111 to title49.motorcarrier.safety_fitness_proceedings_reference (reference).,true
map_title49_motorcarrier_safety_fitness_proceedings_ref_471119ce,compliance_key,fmcsa_fmcsr,title49.motorcarrier.safety_fitness_proceedings_reference,1,t49_sec_385_113,ck_t49_motorcarrier_safety_fitness_proceedings_reference,,,Title 49 FMCSA State Compliance and Proceedings Reference to 49 CFR 385.113,Maps 49 CFR 385.113 to title49.motorcarrier.safety_fitness_proceedings_reference (reference).,true
map_title49_motorcarrier_safety_fitness_proceedings_ref_0bcff46e,compliance_key,fmcsa_fmcsr,title49.motorcarrier.safety_fitness_proceedings_reference,1,t49_sec_385_115,ck_t49_motorcarrier_safety_fitness_proceedings_reference,,,Title 49 FMCSA State Compliance and Proceedings Reference to 49 CFR 385.115,Maps 49 CFR 385.115 to title49.motorcarrier.safety_fitness_proceedings_reference (reference).,true
map_title49_motorcarrier_safety_fitness_proceedings_ref_2dcc241d,compliance_key,fmcsa_fmcsr,title49.motorcarrier.safety_fitness_proceedings_reference,1,t49_sec_385_117,ck_t49_motorcarrier_safety_fitness_proceedings_reference,,,Title 49 FMCSA State Compliance and Proceedings Reference to 49 CFR 385.117,Maps 49 CFR 385.117 to title49.motorcarrier.safety_fitness_proceedings_reference (reference).,true
map_title49_motorcarrier_safety_fitness_proceedings_ref_51c16683,compliance_key,fmcsa_fmcsr,title49.motorcarrier.safety_fitness_proceedings_reference,1,t49_sec_385_119,ck_t49_motorcarrier_safety_fitness_proceedings_reference,,,Title 49 FMCSA State Compliance and Proceedings Reference to 49 CFR 385.119,Maps 49 CFR 385.119 to title49.motorcarrier.safety_fitness_proceedings_reference (reference).,true
map_title49_motorcarrier_safety_fitness_proceedings_ref_1ec5f071,compliance_key,fmcsa_fmcsr,title49.motorcarrier.safety_fitness_proceedings_reference,1,t49_subpart_385_c,ck_t49_motorcarrier_safety_fitness_proceedings_reference,,,Title 49 FMCSA State Compliance and Proceedings Reference to 49 CFR Part 385 Subpart C,Maps 49 CFR Part 385 Subpart C to title49.motorcarrier.safety_fitness_proceedings_reference (reference).,true
map_title49_motorcarrier_safety_fitness_proceedings_ref_285446e7,compliance_key,fmcsa_fmcsr,title49.motorcarrier.safety_fitness_proceedings_reference,1,t49_sec_385_201,ck_t49_motorcarrier_safety_fitness_proceedings_reference,,,Title 49 FMCSA State Compliance and Proceedings Reference to 49 CFR 385.201,Maps 49 CFR 385.201 to title49.motorcarrier.safety_fitness_proceedings_reference (reference).,true
map_title49_motorcarrier_safety_fitness_proceedings_ref_94030e6e,compliance_key,fmcsa_fmcsr,title49.motorcarrier.safety_fitness_proceedings_reference,1,t49_sec_385_203,ck_t49_motorcarrier_safety_fitness_proceedings_reference,,,Title 49 FMCSA State Compliance and Proceedings Reference to 49 CFR 385.203,Maps 49 CFR 385.203 to title49.motorcarrier.safety_fitness_proceedings_reference (reference).,true
map_title49_motorcarrier_safety_fitness_proceedings_ref_24615296,compliance_key,fmcsa_fmcsr,title49.motorcarrier.safety_fitness_proceedings_reference,1,t49_sec_385_205,ck_t49_motorcarrier_safety_fitness_proceedings_reference,,,Title 49 FMCSA State Compliance and Proceedings Reference to 49 CFR 385.205,Maps 49 CFR 385.205 to title49.motorcarrier.safety_fitness_proceedings_reference (reference).,true
map_title49_motorcarrier_safety_fitness_proceedings_ref_255c04ec,compliance_key,fmcsa_fmcsr,title49.motorcarrier.safety_fitness_proceedings_reference,1,t49_sec_385_207,ck_t49_motorcarrier_safety_fitness_proceedings_reference,,,Title 49 FMCSA State Compliance and Proceedings Reference to 49 CFR 385.207,Maps 49 CFR 385.207 to title49.motorcarrier.safety_fitness_proceedings_reference (reference).,true
map_title49_motorcarrier_safety_fitness_proceedings_ref_5c03fe40,compliance_key,fmcsa_fmcsr,title49.motorcarrier.safety_fitness_proceedings_reference,1,t49_subpart_385_d,ck_t49_motorcarrier_safety_fitness_proceedings_reference,,,Title 49 FMCSA State Compliance and Proceedings Reference to 49 CFR Part 385 Subpart D,Maps 49 CFR Part 385 Subpart D to title49.motorcarrier.safety_fitness_proceedings_reference (reference).,true
map_title49_motorcarrier_safety_fitness_proceedings_ref_dfb95754,compliance_key,fmcsa_fmcsr,title49.motorcarrier.safety_fitness_proceedings_reference,1,t49_sec_385_301,ck_t49_motorcarrier_safety_fitness_proceedings_reference,,,Title 49 FMCSA State Compliance and Proceedings Reference to 49 CFR 385.301,Maps 49 CFR 385.301 to title49.motorcarrier.safety_fitness_proceedings_reference (reference).,true
map_title49_motorcarrier_safety_fitness_proceedings_ref_b4bd4fbe,compliance_key,fmcsa_fmcsr,title49.motorcarrier.safety_fitness_proceedings_reference,1,t49_sec_385_301t,ck_t49_motorcarrier_safety_fitness_proceedings_reference,,,Title 49 FMCSA State Compliance and Proceedings Reference to 49 CFR 385.301T,Maps 49 CFR 385.301T to title49.motorcarrier.safety_fitness_proceedings_reference (reference).,true
map_title49_motorcarrier_safety_fitness_proceedings_ref_a9c1c788,compliance_key,fmcsa_fmcsr,title49.motorcarrier.safety_fitness_proceedings_reference,1,t49_sec_385_302,ck_t49_motorcarrier_safety_fitness_proceedings_reference,,,Title 49 FMCSA State Compliance and Proceedings Reference to 49 CFR 385.302,Maps 49 CFR 385.302 to title49.motorcarrier.safety_fitness_proceedings_reference (reference).,false
map_title49_motorcarrier_safety_fitness_proceedings_ref_f5457362,compliance_key,fmcsa_fmcsr,title49.motorcarrier.safety_fitness_proceedings_reference,1,t49_sec_385_303,ck_t49_motorcarrier_safety_fitness_proceedings_reference,,,Title 49 FMCSA State Compliance and Proceedings Reference to 49 CFR 385.303,Maps 49 CFR 385.303 to title49.motorcarrier.safety_fitness_proceedings_reference (reference).,true
map_title49_motorcarrier_safety_fitness_proceedings_ref_c32b4643,compliance_key,fmcsa_fmcsr,title49.motorcarrier.safety_fitness_proceedings_reference,1,t49_sec_385_303t,ck_t49_motorcarrier_safety_fitness_proceedings_reference,,,Title 49 FMCSA State Compliance and Proceedings Reference to 49 CFR 385.303T,Maps 49 CFR 385.303T to title49.motorcarrier.safety_fitness_proceedings_reference (reference).,true
map_title49_motorcarrier_safety_fitness_proceedings_ref_dd2ea880,compliance_key,fmcsa_fmcsr,title49.motorcarrier.safety_fitness_proceedings_reference,1,t49_sec_385_304,ck_t49_motorcarrier_safety_fitness_proceedings_reference,,,Title 49 FMCSA State Compliance and Proceedings Reference to 49 CFR 385.304,Maps 49 CFR 385.304 to title49.motorcarrier.safety_fitness_proceedings_reference (reference).,false
map_title49_motorcarrier_safety_fitness_proceedings_ref_bd6c605c,compliance_key,fmcsa_fmcsr,title49.motorcarrier.safety_fitness_proceedings_reference,1,t49_sec_385_305,ck_t49_motorcarrier_safety_fitness_proceedings_reference,,,Title 49 FMCSA State Compliance and Proceedings Reference to 49 CFR 385.305,Maps 49 CFR 385.305 to title49.motorcarrier.safety_fitness_proceedings_reference (reference).,true
map_title49_motorcarrier_safety_fitness_proceedings_ref_b6acf9dd,compliance_key,fmcsa_fmcsr,title49.motorcarrier.safety_fitness_proceedings_reference,1,t49_sec_385_305t,ck_t49_motorcarrier_safety_fitness_proceedings_reference,,,Title 49 FMCSA State Compliance and Proceedings Reference to 49 CFR 385.305T,Maps 49 CFR 385.305T to title49.motorcarrier.safety_fitness_proceedings_reference (reference).,true
map_title49_motorcarrier_safety_fitness_proceedings_ref_cea1754c,compliance_key,fmcsa_fmcsr,title49.motorcarrier.safety_fitness_proceedings_reference,1,t49_sec_385_306,ck_t49_motorcarrier_safety_fitness_proceedings_reference,,,Title 49 FMCSA State Compliance and Proceedings Reference to 49 CFR 385.306,Maps 49 CFR 385.306 to title49.motorcarrier.safety_fitness_proceedings_reference (reference).,true
map_title49_motorcarrier_safety_fitness_proceedings_ref_8bd86cfd,compliance_key,fmcsa_fmcsr,title49.motorcarrier.safety_fitness_proceedings_reference,1,t49_sec_385_307,ck_t49_motorcarrier_safety_fitness_proceedings_reference,,,Title 49 FMCSA State Compliance and Proceedings Reference to 49 CFR 385.307,Maps 49 CFR 385.307 to title49.motorcarrier.safety_fitness_proceedings_reference (reference).,true
map_title49_motorcarrier_safety_fitness_proceedings_ref_aa53a551,compliance_key,fmcsa_fmcsr,title49.motorcarrier.safety_fitness_proceedings_reference,1,t49_sec_385_308,ck_t49_motorcarrier_safety_fitness_proceedings_reference,,,Title 49 FMCSA State Compliance and Proceedings Reference to 49 CFR 385.308,Maps 49 CFR 385.308 to title49.motorcarrier.safety_fitness_proceedings_reference (reference).,true
map_title49_motorcarrier_safety_fitness_proceedings_ref_83cc8610,compliance_key,fmcsa_fmcsr,title49.motorcarrier.safety_fitness_proceedings_reference,1,t49_sec_385_309,ck_t49_motorcarrier_safety_fitness_proceedings_reference,,,Title 49 FMCSA State Compliance and Proceedings Reference to 49 CFR 385.309,Maps 49 CFR 385.309 to title49.motorcarrier.safety_fitness_proceedings_reference (reference).,true
map_title49_motorcarrier_safety_fitness_proceedings_ref_913e86c2,compliance_key,fmcsa_fmcsr,title49.motorcarrier.safety_fitness_proceedings_reference,1,t49_sec_385_311,ck_t49_motorcarrier_safety_fitness_proceedings_reference,,,Title 49 FMCSA State Compliance and Proceedings Reference to 49 CFR 385.311,Maps 49 CFR 385.311 to title49.motorcarrier.safety_fitness_proceedings_reference (reference).,true
map_title49_motorcarrier_safety_fitness_proceedings_ref_c5e5cf14,compliance_key,fmcsa_fmcsr,title49.motorcarrier.safety_fitness_proceedings_reference,1,t49_sec_385_313,ck_t49_motorcarrier_safety_fitness_proceedings_reference,,,Title 49 FMCSA State Compliance and Proceedings Reference to 49 CFR 385.313,Maps 49 CFR 385.313 to title49.motorcarrier.safety_fitness_proceedings_reference (reference).,true
map_title49_motorcarrier_safety_fitness_proceedings_ref_b54ee725,compliance_key,fmcsa_fmcsr,title49.motorcarrier.safety_fitness_proceedings_reference,1,t49_sec_385_315,ck_t49_motorcarrier_safety_fitness_proceedings_reference,,,Title 49 FMCSA State Compliance and Proceedings Reference to 49 CFR 385.315,Maps 49 CFR 385.315 to title49.motorcarrier.safety_fitness_proceedings_reference (reference).,true
map_title49_motorcarrier_safety_fitness_proceedings_ref_20cac5a4,compliance_key,fmcsa_fmcsr,title49.motorcarrier.safety_fitness_proceedings_reference,1,t49_sec_385_317,ck_t49_motorcarrier_safety_fitness_proceedings_reference,,,Title 49 FMCSA State Compliance and Proceedings Reference to 49 CFR 385.317,Maps 49 CFR 385.317 to title49.motorcarrier.safety_fitness_proceedings_reference (reference).,true
map_title49_motorcarrier_safety_fitness_proceedings_ref_5dc4f252,compliance_key,fmcsa_fmcsr,title49.motorcarrier.safety_fitness_proceedings_reference,1,t49_sec_385_319,ck_t49_motorcarrier_safety_fitness_proceedings_reference,,,Title 49 FMCSA State Compliance and Proceedings Reference to 49 CFR 385.319,Maps 49 CFR 385.319 to title49.motorcarrier.safety_fitness_proceedings_reference (reference).,true
map_title49_motorcarrier_safety_fitness_proceedings_ref_dd2e0738,compliance_key,fmcsa_fmcsr,title49.motorcarrier.safety_fitness_proceedings_reference,1,t49_sec_385_321,ck_t49_motorcarrier_safety_fitness_proceedings_reference,,,Title 49 FMCSA State Compliance and Proceedings Reference to 49 CFR 385.321,Maps 49 CFR 385.321 to title49.motorcarrier.safety_fitness_proceedings_reference (reference).,true
map_title49_motorcarrier_safety_fitness_proceedings_ref_6ab16299,compliance_key,fmcsa_fmcsr,title49.motorcarrier.safety_fitness_proceedings_reference,1,t49_sec_385_323,ck_t49_motorcarrier_safety_fitness_proceedings_reference,,,Title 49 FMCSA State Compliance and Proceedings Reference to 49 CFR 385.323,Maps 49 CFR 385.323 to title49.motorcarrier.safety_fitness_proceedings_reference (reference).,true
map_title49_motorcarrier_safety_fitness_proceedings_ref_15c826da,compliance_key,fmcsa_fmcsr,title49.motorcarrier.safety_fitness_proceedings_reference,1,t49_sec_385_325,ck_t49_motorcarrier_safety_fitness_proceedings_reference,,,Title 49 FMCSA State Compliance and Proceedings Reference to 49 CFR 385.325,Maps 49 CFR 385.325 to title49.motorcarrier.safety_fitness_proceedings_reference (reference).,true
map_title49_motorcarrier_safety_fitness_proceedings_ref_0e1ea478,compliance_key,fmcsa_fmcsr,title49.motorcarrier.safety_fitness_proceedings_reference,1,t49_sec_385_327,ck_t49_motorcarrier_safety_fitness_proceedings_reference,,,Title 49 FMCSA State Compliance and Proceedings Reference to 49 CFR 385.327,Maps 49 CFR 385.327 to title49.motorcarrier.safety_fitness_proceedings_reference (reference).,true
map_title49_motorcarrier_safety_fitness_proceedings_ref_b2f56821,compliance_key,fmcsa_fmcsr,title49.motorcarrier.safety_fitness_proceedings_reference,1,t49_sec_385_329,ck_t49_motorcarrier_safety_fitness_proceedings_reference,,,Title 49 FMCSA State Compliance and Proceedings Reference to 49 CFR 385.329,Maps 49 CFR 385.329 to title49.motorcarrier.safety_fitness_proceedings_reference (reference).,true
map_title49_motorcarrier_safety_fitness_proceedings_ref_d59ea3f6,compliance_key,fmcsa_fmcsr,title49.motorcarrier.safety_fitness_proceedings_reference,1,t49_sec_385_329t,ck_t49_motorcarrier_safety_fitness_proceedings_reference,,,Title 49 FMCSA State Compliance and Proceedings Reference to 49 CFR 385.329T,Maps 49 CFR 385.329T to title49.motorcarrier.safety_fitness_proceedings_reference (reference).,true
map_title49_motorcarrier_safety_fitness_proceedings_ref_0fb08c07,compliance_key,fmcsa_fmcsr,title49.motorcarrier.safety_fitness_proceedings_reference,1,t49_sec_385_331,ck_t49_motorcarrier_safety_fitness_proceedings_reference,,,Title 49 FMCSA State Compliance and Proceedings Reference to 49 CFR 385.331,Maps 49 CFR 385.331 to title49.motorcarrier.safety_fitness_proceedings_reference (reference).,true
map_title49_motorcarrier_safety_fitness_proceedings_ref_0f231e8f,compliance_key,fmcsa_fmcsr,title49.motorcarrier.safety_fitness_proceedings_reference,1,t49_sec_385_333,ck_t49_motorcarrier_safety_fitness_proceedings_reference,,,Title 49 FMCSA State Compliance and Proceedings Reference to 49 CFR 385.333,Maps 49 CFR 385.333 to title49.motorcarrier.safety_fitness_proceedings_reference (reference).,true
map_title49_motorcarrier_safety_fitness_proceedings_ref_17bd294b,compliance_key,fmcsa_fmcsr,title49.motorcarrier.safety_fitness_proceedings_reference,1,t49_sec_385_335,ck_t49_motorcarrier_safety_fitness_proceedings_reference,,,Title 49 FMCSA State Compliance and Proceedings Reference to 49 CFR 385.335,Maps 49 CFR 385.335 to title49.motorcarrier.safety_fitness_proceedings_reference (reference).,true
map_title49_motorcarrier_safety_fitness_proceedings_ref_3de15aff,compliance_key,fmcsa_fmcsr,title49.motorcarrier.safety_fitness_proceedings_reference,1,t49_sec_385_337,ck_t49_motorcarrier_safety_fitness_proceedings_reference,,,Title 49 FMCSA State Compliance and Proceedings Reference to 49 CFR 385.337,Maps 49 CFR 385.337 to title49.motorcarrier.safety_fitness_proceedings_reference (reference).,true
map_title49_motorcarrier_safety_fitness_proceedings_ref_b45ab528,compliance_key,fmcsa_fmcsr,title49.motorcarrier.safety_fitness_proceedings_reference,1,t49_subpart_385_e,ck_t49_motorcarrier_safety_fitness_proceedings_reference,,,Title 49 FMCSA State Compliance and Proceedings Reference to 49 CFR Part 385 Subpart E,Maps 49 CFR Part 385 Subpart E to title49.motorcarrier.safety_fitness_proceedings_reference (reference).,true
map_title49_motorcarrier_safety_fitness_proceedings_ref_850c83f4,compliance_key,fmcsa_fmcsr,title49.motorcarrier.safety_fitness_proceedings_reference,1,t49_sec_385_401,ck_t49_motorcarrier_safety_fitness_proceedings_reference,,,Title 49 FMCSA State Compliance and Proceedings Reference to 49 CFR 385.401,Maps 49 CFR 385.401 to title49.motorcarrier.safety_fitness_proceedings_reference (reference).,true
map_title49_motorcarrier_safety_fitness_proceedings_ref_fe08b88b,compliance_key,fmcsa_fmcsr,title49.motorcarrier.safety_fitness_proceedings_reference,1,t49_sec_385_402,ck_t49_motorcarrier_safety_fitness_proceedings_reference,,,Title 49 FMCSA State Compliance and Proceedings Reference to 49 CFR 385.402,Maps 49 CFR 385.402 to title49.motorcarrier.safety_fitness_proceedings_reference (reference).,true
map_title49_motorcarrier_safety_fitness_proceedings_ref_a6769abe,compliance_key,fmcsa_fmcsr,title49.motorcarrier.safety_fitness_proceedings_reference,1,t49_sec_385_403,ck_t49_motorcarrier_safety_fitness_proceedings_reference,,,Title 49 FMCSA State Compliance and Proceedings Reference to 49 CFR 385.403,Maps 49 CFR 385.403 to title49.motorcarrier.safety_fitness_proceedings_reference (reference).,true
map_title49_motorcarrier_safety_fitness_proceedings_ref_ad68bec2,compliance_key,fmcsa_fmcsr,title49.motorcarrier.safety_fitness_proceedings_reference,1,t49_sec_385_405,ck_t49_motorcarrier_safety_fitness_proceedings_reference,,,Title 49 FMCSA State Compliance and Proceedings Reference to 49 CFR 385.405,Maps 49 CFR 385.405 to title49.motorcarrier.safety_fitness_proceedings_reference (reference).,true
map_title49_motorcarrier_safety_fitness_proceedings_ref_eabdbc41,compliance_key,fmcsa_fmcsr,title49.motorcarrier.safety_fitness_proceedings_reference,1,t49_sec_385_405t,ck_t49_motorcarrier_safety_fitness_proceedings_reference,,,Title 49 FMCSA State Compliance and Proceedings Reference to 49 CFR 385.405T,Maps 49 CFR 385.405T to title49.motorcarrier.safety_fitness_proceedings_reference (reference).,true
map_title49_motorcarrier_safety_fitness_proceedings_ref_127985bb,compliance_key,fmcsa_fmcsr,title49.motorcarrier.safety_fitness_proceedings_reference,1,t49_sec_385_407,ck_t49_motorcarrier_safety_fitness_proceedings_reference,,,Title 49 FMCSA State Compliance and Proceedings Reference to 49 CFR 385.407,Maps 49 CFR 385.407 to title49.motorcarrier.safety_fitness_proceedings_reference (reference).,true
map_title49_motorcarrier_safety_fitness_proceedings_ref_c0671a2f,compliance_key,fmcsa_fmcsr,title49.motorcarrier.safety_fitness_proceedings_reference,1,t49_sec_385_409,ck_t49_motorcarrier_safety_fitness_proceedings_reference,,,Title 49 FMCSA State Compliance and Proceedings Reference to 49 CFR 385.409,Maps 49 CFR 385.409 to title49.motorcarrier.safety_fitness_proceedings_reference (reference).,true
map_title49_motorcarrier_safety_fitness_proceedings_ref_7eecdbc9,compliance_key,fmcsa_fmcsr,title49.motorcarrier.safety_fitness_proceedings_reference,1,t49_sec_385_409t,ck_t49_motorcarrier_safety_fitness_proceedings_reference,,,Title 49 FMCSA State Compliance and Proceedings Reference to 49 CFR 385.409T,Maps 49 CFR 385.409T to title49.motorcarrier.safety_fitness_proceedings_reference (reference).,true
map_title49_motorcarrier_safety_fitness_proceedings_ref_f968d629,compliance_key,fmcsa_fmcsr,title49.motorcarrier.safety_fitness_proceedings_reference,1,t49_sec_385_411,ck_t49_motorcarrier_safety_fitness_proceedings_reference,,,Title 49 FMCSA State Compliance and Proceedings Reference to 49 CFR 385.411,Maps 49 CFR 385.411 to title49.motorcarrier.safety_fitness_proceedings_reference (reference).,true
map_title49_motorcarrier_safety_fitness_proceedings_ref_86cbf14c,compliance_key,fmcsa_fmcsr,title49.motorcarrier.safety_fitness_proceedings_reference,1,t49_sec_385_413,ck_t49_motorcarrier_safety_fitness_proceedings_reference,,,Title 49 FMCSA State Compliance and Proceedings Reference to 49 CFR 385.413,Maps 49 CFR 385.413 to title49.motorcarrier.safety_fitness_proceedings_reference (reference).,true
map_title49_motorcarrier_safety_fitness_proceedings_ref_1acc2465,compliance_key,fmcsa_fmcsr,title49.motorcarrier.safety_fitness_proceedings_reference,1,t49_sec_385_415,ck_t49_motorcarrier_safety_fitness_proceedings_reference,,,Title 49 FMCSA State Compliance and Proceedings Reference to 49 CFR 385.415,Maps 49 CFR 385.415 to title49.motorcarrier.safety_fitness_proceedings_reference (reference).,true
map_title49_motorcarrier_safety_fitness_proceedings_ref_b4346bba,compliance_key,fmcsa_fmcsr,title49.motorcarrier.safety_fitness_proceedings_reference,1,t49_sec_385_417,ck_t49_motorcarrier_safety_fitness_proceedings_reference,,,Title 49 FMCSA State Compliance and Proceedings Reference to 49 CFR 385.417,Maps 49 CFR 385.417 to title49.motorcarrier.safety_fitness_proceedings_reference (reference).,true
map_title49_motorcarrier_safety_fitness_proceedings_ref_4663b863,compliance_key,fmcsa_fmcsr,title49.motorcarrier.safety_fitness_proceedings_reference,1,t49_sec_385_419,ck_t49_motorcarrier_safety_fitness_proceedings_reference,,,Title 49 FMCSA State Compliance and Proceedings Reference to 49 CFR 385.419,Maps 49 CFR 385.419 to title49.motorcarrier.safety_fitness_proceedings_reference (reference).,true
map_title49_motorcarrier_safety_fitness_proceedings_ref_9ae8d598,compliance_key,fmcsa_fmcsr,title49.motorcarrier.safety_fitness_proceedings_reference,1,t49_sec_385_419t,ck_t49_motorcarrier_safety_fitness_proceedings_reference,,,Title 49 FMCSA State Compliance and Proceedings Reference to 49 CFR 385.419T,Maps 49 CFR 385.419T to title49.motorcarrier.safety_fitness_proceedings_reference (reference).,true
map_title49_motorcarrier_safety_fitness_proceedings_ref_514ef7bb,compliance_key,fmcsa_fmcsr,title49.motorcarrier.safety_fitness_proceedings_reference,1,t49_sec_385_421,ck_t49_motorcarrier_safety_fitness_proceedings_reference,,,Title 49 FMCSA State Compliance and Proceedings Reference to 49 CFR 385.421,Maps 49 CFR 385.421 to title49.motorcarrier.safety_fitness_proceedings_reference (reference).,true
map_title49_motorcarrier_safety_fitness_proceedings_ref_45c1bcc7,compliance_key,fmcsa_fmcsr,title49.motorcarrier.safety_fitness_proceedings_reference,1,t49_sec_385_421t,ck_t49_motorcarrier_safety_fitness_proceedings_reference,,,Title 49 FMCSA State Compliance and Proceedings Reference to 49 CFR 385.421T,Maps 49 CFR 385.421T to title49.motorcarrier.safety_fitness_proceedings_reference (reference).,true
map_title49_motorcarrier_safety_fitness_proceedings_ref_264cc457,compliance_key,fmcsa_fmcsr,title49.motorcarrier.safety_fitness_proceedings_reference,1,t49_sec_385_423,ck_t49_motorcarrier_safety_fitness_proceedings_reference,,,Title 49 FMCSA State Compliance and Proceedings Reference to 49 CFR 385.423,Maps 49 CFR 385.423 to title49.motorcarrier.safety_fitness_proceedings_reference (reference).,true
map_title49_motorcarrier_safety_fitness_proceedings_ref_db4d18d1,compliance_key,fmcsa_fmcsr,title49.motorcarrier.safety_fitness_proceedings_reference,1,t49_subpart_385_g,ck_t49_motorcarrier_safety_fitness_proceedings_reference,,,Title 49 FMCSA State Compliance and Proceedings Reference to 49 CFR Part 385 Subpart G,Maps 49 CFR Part 385 Subpart G to title49.motorcarrier.safety_fitness_proceedings_reference (reference).,false
map_title49_motorcarrier_safety_fitness_proceedings_ref_dd5a07e1,compliance_key,fmcsa_fmcsr,title49.motorcarrier.safety_fitness_proceedings_reference,1,t49_subpart_385_h,ck_t49_motorcarrier_safety_fitness_proceedings_reference,,,Title 49 FMCSA State Compliance and Proceedings Reference to 49 CFR Part 385 Subpart H,Maps 49 CFR Part 385 Subpart H to title49.motorcarrier.safety_fitness_proceedings_reference (reference).,true
map_title49_motorcarrier_safety_fitness_proceedings_ref_bcc7be55,compliance_key,fmcsa_fmcsr,title49.motorcarrier.safety_fitness_proceedings_reference,1,t49_sec_385_601,ck_t49_motorcarrier_safety_fitness_proceedings_reference,,,Title 49 FMCSA State Compliance and Proceedings Reference to 49 CFR 385.601,Maps 49 CFR 385.601 to title49.motorcarrier.safety_fitness_proceedings_reference (reference).,true
map_title49_motorcarrier_safety_fitness_proceedings_ref_c0d08354,compliance_key,fmcsa_fmcsr,title49.motorcarrier.safety_fitness_proceedings_reference,1,t49_sec_385_603,ck_t49_motorcarrier_safety_fitness_proceedings_reference,,,Title 49 FMCSA State Compliance and Proceedings Reference to 49 CFR 385.603,Maps 49 CFR 385.603 to title49.motorcarrier.safety_fitness_proceedings_reference (reference).,true
map_title49_motorcarrier_safety_fitness_proceedings_ref_b6f9f167,compliance_key,fmcsa_fmcsr,title49.motorcarrier.safety_fitness_proceedings_reference,1,t49_sec_385_603t,ck_t49_motorcarrier_safety_fitness_proceedings_reference,,,Title 49 FMCSA State Compliance and Proceedings Reference to 49 CFR 385.603T,Maps 49 CFR 385.603T to title49.motorcarrier.safety_fitness_proceedings_reference (reference).,true
map_title49_motorcarrier_safety_fitness_proceedings_ref_c722283e,compliance_key,fmcsa_fmcsr,title49.motorcarrier.safety_fitness_proceedings_reference,1,t49_sec_385_605,ck_t49_motorcarrier_safety_fitness_proceedings_reference,,,Title 49 FMCSA State Compliance and Proceedings Reference to 49 CFR 385.605,Maps 49 CFR 385.605 to title49.motorcarrier.safety_fitness_proceedings_reference (reference).,true
map_title49_motorcarrier_safety_fitness_proceedings_ref_53c68d4e,compliance_key,fmcsa_fmcsr,title49.motorcarrier.safety_fitness_proceedings_reference,1,t49_sec_385_607,ck_t49_motorcarrier_safety_fitness_proceedings_reference,,,Title 49 FMCSA State Compliance and Proceedings Reference to 49 CFR 385.607,Maps 49 CFR 385.607 to title49.motorcarrier.safety_fitness_proceedings_reference (reference).,true
map_title49_motorcarrier_safety_fitness_proceedings_ref_ae5c09f2,compliance_key,fmcsa_fmcsr,title49.motorcarrier.safety_fitness_proceedings_reference,1,t49_sec_385_607t,ck_t49_motorcarrier_safety_fitness_proceedings_reference,,,Title 49 FMCSA State Compliance and Proceedings Reference to 49 CFR 385.607T,Maps 49 CFR 385.607T to title49.motorcarrier.safety_fitness_proceedings_reference (reference).,true
map_title49_motorcarrier_safety_fitness_proceedings_ref_86c9908b,compliance_key,fmcsa_fmcsr,title49.motorcarrier.safety_fitness_proceedings_reference,1,t49_sec_385_609,ck_t49_motorcarrier_safety_fitness_proceedings_reference,,,Title 49 FMCSA State Compliance and Proceedings Reference to 49 CFR 385.609,Maps 49 CFR 385.609 to title49.motorcarrier.safety_fitness_proceedings_reference (reference).,true
map_title49_motorcarrier_safety_fitness_proceedings_ref_645c2edc,compliance_key,fmcsa_fmcsr,title49.motorcarrier.safety_fitness_proceedings_reference,1,t49_sec_385_609t,ck_t49_motorcarrier_safety_fitness_proceedings_reference,,,Title 49 FMCSA State Compliance and Proceedings Reference to 49 CFR 385.609T,Maps 49 CFR 385.609T to title49.motorcarrier.safety_fitness_proceedings_reference (reference).,true
map_title49_motorcarrier_safety_fitness_proceedings_ref_986f39ae,compliance_key,fmcsa_fmcsr,title49.motorcarrier.safety_fitness_proceedings_reference,1,t49_app_part_385_subpart_h_appendix,ck_t49_motorcarrier_safety_fitness_proceedings_reference,,,Title 49 FMCSA State Compliance and Proceedings Reference to 49 CFR Appendix to Subpart H of Part 385,Maps 49 CFR Appendix to Subpart H of Part 385 to title49.motorcarrier.safety_fitness_proceedings_reference (reference).,true
map_title49_motorcarrier_safety_fitness_proceedings_ref_250c9299,compliance_key,fmcsa_fmcsr,title49.motorcarrier.safety_fitness_proceedings_reference,1,t49_subpart_385_i,ck_t49_motorcarrier_safety_fitness_proceedings_reference,,,Title 49 FMCSA State Compliance and Proceedings Reference to 49 CFR Part 385 Subpart I,Maps 49 CFR Part 385 Subpart I to title49.motorcarrier.safety_fitness_proceedings_reference (reference).,true
map_title49_motorcarrier_safety_fitness_proceedings_ref_6a5723dd,compliance_key,fmcsa_fmcsr,title49.motorcarrier.safety_fitness_proceedings_reference,1,t49_sec_385_701,ck_t49_motorcarrier_safety_fitness_proceedings_reference,,,Title 49 FMCSA State Compliance and Proceedings Reference to 49 CFR 385.701,Maps 49 CFR 385.701 to title49.motorcarrier.safety_fitness_proceedings_reference (reference).,true
map_title49_motorcarrier_safety_fitness_proceedings_ref_1537de9a,compliance_key,fmcsa_fmcsr,title49.motorcarrier.safety_fitness_proceedings_reference,1,t49_sec_385_703,ck_t49_motorcarrier_safety_fitness_proceedings_reference,,,Title 49 FMCSA State Compliance and Proceedings Reference to 49 CFR 385.703,Maps 49 CFR 385.703 to title49.motorcarrier.safety_fitness_proceedings_reference (reference).,true
map_title49_motorcarrier_safety_fitness_proceedings_ref_0c862bc7,compliance_key,fmcsa_fmcsr,title49.motorcarrier.safety_fitness_proceedings_reference,1,t49_sec_385_705,ck_t49_motorcarrier_safety_fitness_proceedings_reference,,,Title 49 FMCSA State Compliance and Proceedings Reference to 49 CFR 385.705,Maps 49 CFR 385.705 to title49.motorcarrier.safety_fitness_proceedings_reference (reference).,true
map_title49_motorcarrier_safety_fitness_proceedings_ref_03db048f,compliance_key,fmcsa_fmcsr,title49.motorcarrier.safety_fitness_proceedings_reference,1,t49_sec_385_707,ck_t49_motorcarrier_safety_fitness_proceedings_reference,,,Title 49 FMCSA State Compliance and Proceedings Reference to 49 CFR 385.707,Maps 49 CFR 385.707 to title49.motorcarrier.safety_fitness_proceedings_reference (reference).,true
map_title49_motorcarrier_safety_fitness_proceedings_ref_b4537ec9,compliance_key,fmcsa_fmcsr,title49.motorcarrier.safety_fitness_proceedings_reference,1,t49_sec_385_709,ck_t49_motorcarrier_safety_fitness_proceedings_reference,,,Title 49 FMCSA State Compliance and Proceedings Reference to 49 CFR 385.709,Maps 49 CFR 385.709 to title49.motorcarrier.safety_fitness_proceedings_reference (reference).,true
map_title49_motorcarrier_safety_fitness_proceedings_ref_33946a41,compliance_key,fmcsa_fmcsr,title49.motorcarrier.safety_fitness_proceedings_reference,1,t49_sec_385_711,ck_t49_motorcarrier_safety_fitness_proceedings_reference,,,Title 49 FMCSA State Compliance and Proceedings Reference to 49 CFR 385.711,Maps 49 CFR 385.711 to title49.motorcarrier.safety_fitness_proceedings_reference (reference).,true
map_title49_motorcarrier_safety_fitness_proceedings_ref_8b7a7960,compliance_key,fmcsa_fmcsr,title49.motorcarrier.safety_fitness_proceedings_reference,1,t49_sec_385_713,ck_t49_motorcarrier_safety_fitness_proceedings_reference,,,Title 49 FMCSA State Compliance and Proceedings Reference to 49 CFR 385.713,Maps 49 CFR 385.713 to title49.motorcarrier.safety_fitness_proceedings_reference (reference).,true
map_title49_motorcarrier_safety_fitness_proceedings_ref_ba62ffff,compliance_key,fmcsa_fmcsr,title49.motorcarrier.safety_fitness_proceedings_reference,1,t49_sec_385_713t,ck_t49_motorcarrier_safety_fitness_proceedings_reference,,,Title 49 FMCSA State Compliance and Proceedings Reference to 49 CFR 385.713T,Maps 49 CFR 385.713T to title49.motorcarrier.safety_fitness_proceedings_reference (reference).,true
map_title49_motorcarrier_safety_fitness_proceedings_ref_ca1fe4af,compliance_key,fmcsa_fmcsr,title49.motorcarrier.safety_fitness_proceedings_reference,1,t49_sec_385_715,ck_t49_motorcarrier_safety_fitness_proceedings_reference,,,Title 49 FMCSA State Compliance and Proceedings Reference to 49 CFR 385.715,Maps 49 CFR 385.715 to title49.motorcarrier.safety_fitness_proceedings_reference (reference).,true
map_title49_motorcarrier_safety_fitness_proceedings_ref_db85f5e9,compliance_key,fmcsa_fmcsr,title49.motorcarrier.safety_fitness_proceedings_reference,1,t49_sec_385_717,ck_t49_motorcarrier_safety_fitness_proceedings_reference,,,Title 49 FMCSA State Compliance and Proceedings Reference to 49 CFR 385.717,Maps 49 CFR 385.717 to title49.motorcarrier.safety_fitness_proceedings_reference (reference).,true
map_title49_motorcarrier_safety_fitness_proceedings_ref_735d85b4,compliance_key,fmcsa_fmcsr,title49.motorcarrier.safety_fitness_proceedings_reference,1,t49_subpart_385_j,ck_t49_motorcarrier_safety_fitness_proceedings_reference,,,Title 49 FMCSA State Compliance and Proceedings Reference to 49 CFR Part 385 Subpart J,Maps 49 CFR Part 385 Subpart J to title49.motorcarrier.safety_fitness_proceedings_reference (reference).,false
map_title49_motorcarrier_safety_fitness_proceedings_ref_efe3c565,compliance_key,fmcsa_fmcsr,title49.motorcarrier.safety_fitness_proceedings_reference,1,t49_subpart_385_k,ck_t49_motorcarrier_safety_fitness_proceedings_reference,,,Title 49 FMCSA State Compliance and Proceedings Reference to 49 CFR Part 385 Subpart K,Maps 49 CFR Part 385 Subpart K to title49.motorcarrier.safety_fitness_proceedings_reference (reference).,true
map_title49_motorcarrier_safety_fitness_proceedings_ref_0708a281,compliance_key,fmcsa_fmcsr,title49.motorcarrier.safety_fitness_proceedings_reference,1,t49_sec_385_901,ck_t49_motorcarrier_safety_fitness_proceedings_reference,,,Title 49 FMCSA State Compliance and Proceedings Reference to 49 CFR 385.901,Maps 49 CFR 385.901 to title49.motorcarrier.safety_fitness_proceedings_reference (reference).,true
map_title49_motorcarrier_safety_fitness_proceedings_ref_25d2d350,compliance_key,fmcsa_fmcsr,title49.motorcarrier.safety_fitness_proceedings_reference,1,t49_sec_385_903,ck_t49_motorcarrier_safety_fitness_proceedings_reference,,,Title 49 FMCSA State Compliance and Proceedings Reference to 49 CFR 385.903,Maps 49 CFR 385.903 to title49.motorcarrier.safety_fitness_proceedings_reference (reference).,true
map_title49_motorcarrier_safety_fitness_proceedings_ref_cf0b0c69,compliance_key,fmcsa_fmcsr,title49.motorcarrier.safety_fitness_proceedings_reference,1,t49_sec_385_905,ck_t49_motorcarrier_safety_fitness_proceedings_reference,,,Title 49 FMCSA State Compliance and Proceedings Reference to 49 CFR 385.905,Maps 49 CFR 385.905 to title49.motorcarrier.safety_fitness_proceedings_reference (reference).,true
map_title49_motorcarrier_safety_fitness_proceedings_ref_f6640a87,compliance_key,fmcsa_fmcsr,title49.motorcarrier.safety_fitness_proceedings_reference,1,t49_sec_385_907,ck_t49_motorcarrier_safety_fitness_proceedings_reference,,,Title 49 FMCSA State Compliance and Proceedings Reference to 49 CFR 385.907,Maps 49 CFR 385.907 to title49.motorcarrier.safety_fitness_proceedings_reference (reference).,true
map_title49_motorcarrier_safety_fitness_proceedings_ref_5c891ef6,compliance_key,fmcsa_fmcsr,title49.motorcarrier.safety_fitness_proceedings_reference,1,t49_sec_385_909,ck_t49_motorcarrier_safety_fitness_proceedings_reference,,,Title 49 FMCSA State Compliance and Proceedings Reference to 49 CFR 385.909,Maps 49 CFR 385.909 to title49.motorcarrier.safety_fitness_proceedings_reference (reference).,true
map_title49_motorcarrier_safety_fitness_proceedings_ref_915b2d21,compliance_key,fmcsa_fmcsr,title49.motorcarrier.safety_fitness_proceedings_reference,1,t49_sec_385_911,ck_t49_motorcarrier_safety_fitness_proceedings_reference,,,Title 49 FMCSA State Compliance and Proceedings Reference to 49 CFR 385.911,Maps 49 CFR 385.911 to title49.motorcarrier.safety_fitness_proceedings_reference (reference).,true
map_title49_motorcarrier_safety_fitness_proceedings_ref_574f4816,compliance_key,fmcsa_fmcsr,title49.motorcarrier.safety_fitness_proceedings_reference,1,t49_sec_385_913,ck_t49_motorcarrier_safety_fitness_proceedings_reference,,,Title 49 FMCSA State Compliance and Proceedings Reference to 49 CFR 385.913,Maps 49 CFR 385.913 to title49.motorcarrier.safety_fitness_proceedings_reference (reference).,true
map_title49_motorcarrier_safety_fitness_proceedings_ref_8d8a968e,compliance_key,fmcsa_fmcsr,title49.motorcarrier.safety_fitness_proceedings_reference,1,t49_sec_385_915,ck_t49_motorcarrier_safety_fitness_proceedings_reference,,,Title 49 FMCSA State Compliance and Proceedings Reference to 49 CFR 385.915,Maps 49 CFR 385.915 to title49.motorcarrier.safety_fitness_proceedings_reference (reference).,true
map_title49_motorcarrier_safety_fitness_proceedings_ref_5cc5f132,compliance_key,fmcsa_fmcsr,title49.motorcarrier.safety_fitness_proceedings_reference,1,t49_sec_385_917,ck_t49_motorcarrier_safety_fitness_proceedings_reference,,,Title 49 FMCSA State Compliance and Proceedings Reference to 49 CFR 385.917,Maps 49 CFR 385.917 to title49.motorcarrier.safety_fitness_proceedings_reference (reference).,true
map_title49_motorcarrier_safety_fitness_proceedings_ref_2bad1b8f,compliance_key,fmcsa_fmcsr,title49.motorcarrier.safety_fitness_proceedings_reference,1,t49_sec_385_919,ck_t49_motorcarrier_safety_fitness_proceedings_reference,,,Title 49 FMCSA State Compliance and Proceedings Reference to 49 CFR 385.919,Maps 49 CFR 385.919 to title49.motorcarrier.safety_fitness_proceedings_reference (reference).,true
map_title49_motorcarrier_safety_fitness_proceedings_ref_3a3609b4,compliance_key,fmcsa_fmcsr,title49.motorcarrier.safety_fitness_proceedings_reference,1,t49_sec_385_921,ck_t49_motorcarrier_safety_fitness_proceedings_reference,,,Title 49 FMCSA State Compliance and Proceedings Reference to 49 CFR 385.921,Maps 49 CFR 385.921 to title49.motorcarrier.safety_fitness_proceedings_reference (reference).,true
map_title49_motorcarrier_safety_fitness_proceedings_ref_cb90fcb7,compliance_key,fmcsa_fmcsr,title49.motorcarrier.safety_fitness_proceedings_reference,1,t49_subpart_385_l,ck_t49_motorcarrier_safety_fitness_proceedings_reference,,,Title 49 FMCSA State Compliance and Proceedings Reference to 49 CFR Part 385 Subpart L,Maps 49 CFR Part 385 Subpart L to title49.motorcarrier.safety_fitness_proceedings_reference (reference).,true
map_title49_motorcarrier_safety_fitness_proceedings_ref_e166c19f,compliance_key,fmcsa_fmcsr,title49.motorcarrier.safety_fitness_proceedings_reference,1,t49_sec_385_1001,ck_t49_motorcarrier_safety_fitness_proceedings_reference,,,Title 49 FMCSA State Compliance and Proceedings Reference to 49 CFR 385.1001,Maps 49 CFR 385.1001 to title49.motorcarrier.safety_fitness_proceedings_reference (reference).,true
map_title49_motorcarrier_safety_fitness_proceedings_ref_b10f6b4f,compliance_key,fmcsa_fmcsr,title49.motorcarrier.safety_fitness_proceedings_reference,1,t49_sec_385_1003,ck_t49_motorcarrier_safety_fitness_proceedings_reference,,,Title 49 FMCSA State Compliance and Proceedings Reference to 49 CFR 385.1003,Maps 49 CFR 385.1003 to title49.motorcarrier.safety_fitness_proceedings_reference (reference).,true
map_title49_motorcarrier_safety_fitness_proceedings_ref_d008db0f,compliance_key,fmcsa_fmcsr,title49.motorcarrier.safety_fitness_proceedings_reference,1,t49_sec_385_1005,ck_t49_motorcarrier_safety_fitness_proceedings_reference,,,Title 49 FMCSA State Compliance and Proceedings Reference to 49 CFR 385.1005,Maps 49 CFR 385.1005 to title49.motorcarrier.safety_fitness_proceedings_reference (reference).,true
map_title49_motorcarrier_safety_fitness_proceedings_ref_1bd13043,compliance_key,fmcsa_fmcsr,title49.motorcarrier.safety_fitness_proceedings_reference,1,t49_sec_385_1007,ck_t49_motorcarrier_safety_fitness_proceedings_reference,,,Title 49 FMCSA State Compliance and Proceedings Reference to 49 CFR 385.1007,Maps 49 CFR 385.1007 to title49.motorcarrier.safety_fitness_proceedings_reference (reference).,true
map_title49_motorcarrier_safety_fitness_proceedings_ref_d1dae6d0,compliance_key,fmcsa_fmcsr,title49.motorcarrier.safety_fitness_proceedings_reference,1,t49_sec_385_1009,ck_t49_motorcarrier_safety_fitness_proceedings_reference,,,Title 49 FMCSA State Compliance and Proceedings Reference to 49 CFR 385.1009,Maps 49 CFR 385.1009 to title49.motorcarrier.safety_fitness_proceedings_reference (reference).,true
map_title49_motorcarrier_safety_fitness_proceedings_ref_4519937e,compliance_key,fmcsa_fmcsr,title49.motorcarrier.safety_fitness_proceedings_reference,1,t49_sec_385_1011,ck_t49_motorcarrier_safety_fitness_proceedings_reference,,,Title 49 FMCSA State Compliance and Proceedings Reference to 49 CFR 385.1011,Maps 49 CFR 385.1011 to title49.motorcarrier.safety_fitness_proceedings_reference (reference).,true
map_title49_motorcarrier_safety_fitness_proceedings_ref_288e1485,compliance_key,fmcsa_fmcsr,title49.motorcarrier.safety_fitness_proceedings_reference,1,t49_sec_385_1013,ck_t49_motorcarrier_safety_fitness_proceedings_reference,,,Title 49 FMCSA State Compliance and Proceedings Reference to 49 CFR 385.1013,Maps 49 CFR 385.1013 to title49.motorcarrier.safety_fitness_proceedings_reference (reference).,true
map_title49_motorcarrier_safety_fitness_proceedings_ref_5712e9a0,compliance_key,fmcsa_fmcsr,title49.motorcarrier.safety_fitness_proceedings_reference,1,t49_sec_385_1015,ck_t49_motorcarrier_safety_fitness_proceedings_reference,,,Title 49 FMCSA State Compliance and Proceedings Reference to 49 CFR 385.1015,Maps 49 CFR 385.1015 to title49.motorcarrier.safety_fitness_proceedings_reference (reference).,true
map_title49_motorcarrier_safety_fitness_proceedings_ref_ef49c4d3,compliance_key,fmcsa_fmcsr,title49.motorcarrier.safety_fitness_proceedings_reference,1,t49_sec_385_1017,ck_t49_motorcarrier_safety_fitness_proceedings_reference,,,Title 49 FMCSA State Compliance and Proceedings Reference to 49 CFR 385.1017,Maps 49 CFR 385.1017 to title49.motorcarrier.safety_fitness_proceedings_reference (reference).,true
map_title49_motorcarrier_safety_fitness_proceedings_ref_79fab8d6,compliance_key,fmcsa_fmcsr,title49.motorcarrier.safety_fitness_proceedings_reference,1,t49_sec_385_1019,ck_t49_motorcarrier_safety_fitness_proceedings_reference,,,Title 49 FMCSA State Compliance and Proceedings Reference to 49 CFR 385.1019,Maps 49 CFR 385.1019 to title49.motorcarrier.safety_fitness_proceedings_reference (reference).,true
map_title49_motorcarrier_safety_fitness_proceedings_ref_d161b940,compliance_key,fmcsa_fmcsr,title49.motorcarrier.safety_fitness_proceedings_reference,1,t49_app_part_385_a,ck_t49_motorcarrier_safety_fitness_proceedings_reference,,,Title 49 FMCSA State Compliance and Proceedings Reference to 49 CFR Appendix A to Part 385,Maps 49 CFR Appendix A to Part 385 to title49.motorcarrier.safety_fitness_proceedings_reference (reference).,true
map_title49_motorcarrier_safety_fitness_proceedings_ref_7bb3ff56,compliance_key,fmcsa_fmcsr,title49.motorcarrier.safety_fitness_proceedings_reference,1,t49_app_part_385_b,ck_t49_motorcarrier_safety_fitness_proceedings_reference,,,Title 49 FMCSA State Compliance and Proceedings Reference to 49 CFR Appendix B to Part 385,Maps 49 CFR Appendix B to Part 385 to title49.motorcarrier.safety_fitness_proceedings_reference (reference).,true
map_title49_motorcarrier_safety_fitness_proceedings_ref_597e57de,compliance_key,fmcsa_fmcsr,title49.motorcarrier.safety_fitness_proceedings_reference,1,t49_part_386,ck_t49_motorcarrier_safety_fitness_proceedings_reference,,,Title 49 FMCSA State Compliance and Proceedings Reference to 49 CFR Part 386,Maps 49 CFR Part 386 to title49.motorcarrier.safety_fitness_proceedings_reference (reference).,true
map_title49_motorcarrier_safety_fitness_proceedings_ref_cc47f223,compliance_key,fmcsa_fmcsr,title49.motorcarrier.safety_fitness_proceedings_reference,1,t49_subpart_386_a,ck_t49_motorcarrier_safety_fitness_proceedings_reference,,,Title 49 FMCSA State Compliance and Proceedings Reference to 49 CFR Part 386 Subpart A,Maps 49 CFR Part 386 Subpart A to title49.motorcarrier.safety_fitness_proceedings_reference (reference).,true
map_title49_motorcarrier_safety_fitness_proceedings_ref_0b96d929,compliance_key,fmcsa_fmcsr,title49.motorcarrier.safety_fitness_proceedings_reference,1,t49_sec_386_1,ck_t49_motorcarrier_safety_fitness_proceedings_reference,,,Title 49 FMCSA State Compliance and Proceedings Reference to 49 CFR 386.1,Maps 49 CFR 386.1 to title49.motorcarrier.safety_fitness_proceedings_reference (reference).,true
map_title49_motorcarrier_safety_fitness_proceedings_ref_4a6ef7b6,compliance_key,fmcsa_fmcsr,title49.motorcarrier.safety_fitness_proceedings_reference,1,t49_sec_386_2,ck_t49_motorcarrier_safety_fitness_proceedings_reference,,,Title 49 FMCSA State Compliance and Proceedings Reference to 49 CFR 386.2,Maps 49 CFR 386.2 to title49.motorcarrier.safety_fitness_proceedings_reference (reference).,true
map_title49_motorcarrier_safety_fitness_proceedings_ref_6834413a,compliance_key,fmcsa_fmcsr,title49.motorcarrier.safety_fitness_proceedings_reference,1,t49_sec_386_3,ck_t49_motorcarrier_safety_fitness_proceedings_reference,,,Title 49 FMCSA State Compliance and Proceedings Reference to 49 CFR 386.3,Maps 49 CFR 386.3 to title49.motorcarrier.safety_fitness_proceedings_reference (reference).,true
map_title49_motorcarrier_safety_fitness_proceedings_ref_344430f3,compliance_key,fmcsa_fmcsr,title49.motorcarrier.safety_fitness_proceedings_reference,1,t49_sec_386_4,ck_t49_motorcarrier_safety_fitness_proceedings_reference,,,Title 49 FMCSA State Compliance and Proceedings Reference to 49 CFR 386.4,Maps 49 CFR 386.4 to title49.motorcarrier.safety_fitness_proceedings_reference (reference).,true
map_title49_motorcarrier_safety_fitness_proceedings_ref_5a567ed3,compliance_key,fmcsa_fmcsr,title49.motorcarrier.safety_fitness_proceedings_reference,1,t49_sec_386_5,ck_t49_motorcarrier_safety_fitness_proceedings_reference,,,Title 49 FMCSA State Compliance and Proceedings Reference to 49 CFR 386.5,Maps 49 CFR 386.5 to title49.motorcarrier.safety_fitness_proceedings_reference (reference).,true
map_title49_motorcarrier_safety_fitness_proceedings_ref_9d4458c4,compliance_key,fmcsa_fmcsr,title49.motorcarrier.safety_fitness_proceedings_reference,1,t49_sec_386_6,ck_t49_motorcarrier_safety_fitness_proceedings_reference,,,Title 49 FMCSA State Compliance and Proceedings Reference to 49 CFR 386.6,Maps 49 CFR 386.6 to title49.motorcarrier.safety_fitness_proceedings_reference (reference).,true
map_title49_motorcarrier_safety_fitness_proceedings_ref_fe4a9373,compliance_key,fmcsa_fmcsr,title49.motorcarrier.safety_fitness_proceedings_reference,1,t49_sec_386_7,ck_t49_motorcarrier_safety_fitness_proceedings_reference,,,Title 49 FMCSA State Compliance and Proceedings Reference to 49 CFR 386.7,Maps 49 CFR 386.7 to title49.motorcarrier.safety_fitness_proceedings_reference (reference).,true
map_title49_motorcarrier_safety_fitness_proceedings_ref_cc6e2787,compliance_key,fmcsa_fmcsr,title49.motorcarrier.safety_fitness_proceedings_reference,1,t49_sec_386_8,ck_t49_motorcarrier_safety_fitness_proceedings_reference,,,Title 49 FMCSA State Compliance and Proceedings Reference to 49 CFR 386.8,Maps 49 CFR 386.8 to title49.motorcarrier.safety_fitness_proceedings_reference (reference).,true
map_title49_motorcarrier_safety_fitness_proceedings_ref_9c070da9,compliance_key,fmcsa_fmcsr,title49.motorcarrier.safety_fitness_proceedings_reference,1,t49_subpart_386_b,ck_t49_motorcarrier_safety_fitness_proceedings_reference,,,Title 49 FMCSA State Compliance and Proceedings Reference to 49 CFR Part 386 Subpart B,Maps 49 CFR Part 386 Subpart B to title49.motorcarrier.safety_fitness_proceedings_reference (reference).,true
map_title49_motorcarrier_safety_fitness_proceedings_ref_71b780c2,compliance_key,fmcsa_fmcsr,title49.motorcarrier.safety_fitness_proceedings_reference,1,t49_sec_386_11,ck_t49_motorcarrier_safety_fitness_proceedings_reference,,,Title 49 FMCSA State Compliance and Proceedings Reference to 49 CFR 386.11,Maps 49 CFR 386.11 to title49.motorcarrier.safety_fitness_proceedings_reference (reference).,true
map_title49_motorcarrier_safety_fitness_proceedings_ref_e1dfa85e,compliance_key,fmcsa_fmcsr,title49.motorcarrier.safety_fitness_proceedings_reference,1,t49_sec_386_12,ck_t49_motorcarrier_safety_fitness_proceedings_reference,,,Title 49 FMCSA State Compliance and Proceedings Reference to 49 CFR 386.12,Maps 49 CFR 386.12 to title49.motorcarrier.safety_fitness_proceedings_reference (reference).,true
map_title49_motorcarrier_safety_fitness_proceedings_ref_cb70a37f,compliance_key,fmcsa_fmcsr,title49.motorcarrier.safety_fitness_proceedings_reference,1,t49_sec_386_13,ck_t49_motorcarrier_safety_fitness_proceedings_reference,,,Title 49 FMCSA State Compliance and Proceedings Reference to 49 CFR 386.13,Maps 49 CFR 386.13 to title49.motorcarrier.safety_fitness_proceedings_reference (reference).,true
map_title49_motorcarrier_safety_fitness_proceedings_ref_f51ad2d1,compliance_key,fmcsa_fmcsr,title49.motorcarrier.safety_fitness_proceedings_reference,1,t49_sec_386_14,ck_t49_motorcarrier_safety_fitness_proceedings_reference,,,Title 49 FMCSA State Compliance and Proceedings Reference to 49 CFR 386.14,Maps 49 CFR 386.14 to title49.motorcarrier.safety_fitness_proceedings_reference (reference).,true
map_title49_motorcarrier_safety_fitness_proceedings_ref_2f3cfa0f,compliance_key,fmcsa_fmcsr,title49.motorcarrier.safety_fitness_proceedings_reference,1,t49_sec_386_15,ck_t49_motorcarrier_safety_fitness_proceedings_reference,,,Title 49 FMCSA State Compliance and Proceedings Reference to 49 CFR 386.15,Maps 49 CFR 386.15 to title49.motorcarrier.safety_fitness_proceedings_reference (reference).,false
map_title49_motorcarrier_safety_fitness_proceedings_ref_57581228,compliance_key,fmcsa_fmcsr,title49.motorcarrier.safety_fitness_proceedings_reference,1,t49_sec_386_16,ck_t49_motorcarrier_safety_fitness_proceedings_reference,,,Title 49 FMCSA State Compliance and Proceedings Reference to 49 CFR 386.16,Maps 49 CFR 386.16 to title49.motorcarrier.safety_fitness_proceedings_reference (reference).,true
map_title49_motorcarrier_safety_fitness_proceedings_ref_aea399dc,compliance_key,fmcsa_fmcsr,title49.motorcarrier.safety_fitness_proceedings_reference,1,t49_sec_386_17,ck_t49_motorcarrier_safety_fitness_proceedings_reference,,,Title 49 FMCSA State Compliance and Proceedings Reference to 49 CFR 386.17,Maps 49 CFR 386.17 to title49.motorcarrier.safety_fitness_proceedings_reference (reference).,true
map_title49_motorcarrier_safety_fitness_proceedings_ref_b9168e54,compliance_key,fmcsa_fmcsr,title49.motorcarrier.safety_fitness_proceedings_reference,1,t49_sec_386_18,ck_t49_motorcarrier_safety_fitness_proceedings_reference,,,Title 49 FMCSA State Compliance and Proceedings Reference to 49 CFR 386.18,Maps 49 CFR 386.18 to title49.motorcarrier.safety_fitness_proceedings_reference (reference).,true
map_title49_motorcarrier_safety_fitness_proceedings_ref_81b4912b,compliance_key,fmcsa_fmcsr,title49.motorcarrier.safety_fitness_proceedings_reference,1,t49_subpart_386_c,ck_t49_motorcarrier_safety_fitness_proceedings_reference,,,Title 49 FMCSA State Compliance and Proceedings Reference to 49 CFR Part 386 Subpart C,Maps 49 CFR Part 386 Subpart C to title49.motorcarrier.safety_fitness_proceedings_reference (reference).,true
map_title49_motorcarrier_safety_fitness_proceedings_ref_a470f249,compliance_key,fmcsa_fmcsr,title49.motorcarrier.safety_fitness_proceedings_reference,1,t49_sec_386_22,ck_t49_motorcarrier_safety_fitness_proceedings_reference,,,Title 49 FMCSA State Compliance and Proceedings Reference to 49 CFR 386.22,Maps 49 CFR 386.22 to title49.motorcarrier.safety_fitness_proceedings_reference (reference).,true
map_title49_motorcarrier_safety_fitness_proceedings_ref_9d1b95b0,compliance_key,fmcsa_fmcsr,title49.motorcarrier.safety_fitness_proceedings_reference,1,t49_subpart_386_d,ck_t49_motorcarrier_safety_fitness_proceedings_reference,,,Title 49 FMCSA State Compliance and Proceedings Reference to 49 CFR Part 386 Subpart D,Maps 49 CFR Part 386 Subpart D to title49.motorcarrier.safety_fitness_proceedings_reference (reference).,true
map_title49_motorcarrier_safety_fitness_proceedings_ref_7e3cb745,compliance_key,fmcsa_fmcsr,title49.motorcarrier.safety_fitness_proceedings_reference,1,t49_sec_386_30,ck_t49_motorcarrier_safety_fitness_proceedings_reference,,,Title 49 FMCSA State Compliance and Proceedings Reference to 49 CFR 386.30,Maps 49 CFR 386.30 to title49.motorcarrier.safety_fitness_proceedings_reference (reference).,true
map_title49_motorcarrier_safety_fitness_proceedings_ref_45e9365f,compliance_key,fmcsa_fmcsr,title49.motorcarrier.safety_fitness_proceedings_reference,1,t49_sec_386_31,ck_t49_motorcarrier_safety_fitness_proceedings_reference,,,Title 49 FMCSA State Compliance and Proceedings Reference to 49 CFR 386.31,Maps 49 CFR 386.31 to title49.motorcarrier.safety_fitness_proceedings_reference (reference).,true
map_title49_motorcarrier_safety_fitness_proceedings_ref_fbac357f,compliance_key,fmcsa_fmcsr,title49.motorcarrier.safety_fitness_proceedings_reference,1,t49_sec_386_34,ck_t49_motorcarrier_safety_fitness_proceedings_reference,,,Title 49 FMCSA State Compliance and Proceedings Reference to 49 CFR 386.34,Maps 49 CFR 386.34 to title49.motorcarrier.safety_fitness_proceedings_reference (reference).,true
map_title49_motorcarrier_safety_fitness_proceedings_ref_cb5f9ab1,compliance_key,fmcsa_fmcsr,title49.motorcarrier.safety_fitness_proceedings_reference,1,t49_sec_386_35,ck_t49_motorcarrier_safety_fitness_proceedings_reference,,,Title 49 FMCSA State Compliance and Proceedings Reference to 49 CFR 386.35,Maps 49 CFR 386.35 to title49.motorcarrier.safety_fitness_proceedings_reference (reference).,true
map_title49_motorcarrier_safety_fitness_proceedings_ref_1653fbfe,compliance_key,fmcsa_fmcsr,title49.motorcarrier.safety_fitness_proceedings_reference,1,t49_sec_386_36,ck_t49_motorcarrier_safety_fitness_proceedings_reference,,,Title 49 FMCSA State Compliance and Proceedings Reference to 49 CFR 386.36,Maps 49 CFR 386.36 to title49.motorcarrier.safety_fitness_proceedings_reference (reference).,true
map_title49_motorcarrier_safety_fitness_proceedings_ref_305cf95e,compliance_key,fmcsa_fmcsr,title49.motorcarrier.safety_fitness_proceedings_reference,1,t49_sec_386_37,ck_t49_motorcarrier_safety_fitness_proceedings_reference,,,Title 49 FMCSA State Compliance and Proceedings Reference to 49 CFR 386.37,Maps 49 CFR 386.37 to title49.motorcarrier.safety_fitness_proceedings_reference (reference).,true
map_title49_motorcarrier_safety_fitness_proceedings_ref_56d82b2c,compliance_key,fmcsa_fmcsr,title49.motorcarrier.safety_fitness_proceedings_reference,1,t49_sec_386_38,ck_t49_motorcarrier_safety_fitness_proceedings_reference,,,Title 49 FMCSA State Compliance and Proceedings Reference to 49 CFR 386.38,Maps 49 CFR 386.38 to title49.motorcarrier.safety_fitness_proceedings_reference (reference).,true
map_title49_motorcarrier_safety_fitness_proceedings_ref_4e2fe0b4,compliance_key,fmcsa_fmcsr,title49.motorcarrier.safety_fitness_proceedings_reference,1,t49_sec_386_39,ck_t49_motorcarrier_safety_fitness_proceedings_reference,,,Title 49 FMCSA State Compliance and Proceedings Reference to 49 CFR 386.39,Maps 49 CFR 386.39 to title49.motorcarrier.safety_fitness_proceedings_reference (reference).,true
map_title49_motorcarrier_safety_fitness_proceedings_ref_6d84bb93,compliance_key,fmcsa_fmcsr,title49.motorcarrier.safety_fitness_proceedings_reference,1,t49_sec_386_40,ck_t49_motorcarrier_safety_fitness_proceedings_reference,,,Title 49 FMCSA State Compliance and Proceedings Reference to 49 CFR 386.40,Maps 49 CFR 386.40 to title49.motorcarrier.safety_fitness_proceedings_reference (reference).,true
map_title49_motorcarrier_safety_fitness_proceedings_ref_f33b63cb,compliance_key,fmcsa_fmcsr,title49.motorcarrier.safety_fitness_proceedings_reference,1,t49_sec_386_41,ck_t49_motorcarrier_safety_fitness_proceedings_reference,,,Title 49 FMCSA State Compliance and Proceedings Reference to 49 CFR 386.41,Maps 49 CFR 386.41 to title49.motorcarrier.safety_fitness_proceedings_reference (reference).,true
map_title49_motorcarrier_safety_fitness_proceedings_ref_9cc117b3,compliance_key,fmcsa_fmcsr,title49.motorcarrier.safety_fitness_proceedings_reference,1,t49_sec_386_42,ck_t49_motorcarrier_safety_fitness_proceedings_reference,,,Title 49 FMCSA State Compliance and Proceedings Reference to 49 CFR 386.42,Maps 49 CFR 386.42 to title49.motorcarrier.safety_fitness_proceedings_reference (reference).,true
map_title49_motorcarrier_safety_fitness_proceedings_ref_c58b880a,compliance_key,fmcsa_fmcsr,title49.motorcarrier.safety_fitness_proceedings_reference,1,t49_sec_386_43,ck_t49_motorcarrier_safety_fitness_proceedings_reference,,,Title 49 FMCSA State Compliance and Proceedings Reference to 49 CFR 386.43,Maps 49 CFR 386.43 to title49.motorcarrier.safety_fitness_proceedings_reference (reference).,true
map_title49_motorcarrier_safety_fitness_proceedings_ref_796bec46,compliance_key,fmcsa_fmcsr,title49.motorcarrier.safety_fitness_proceedings_reference,1,t49_sec_386_44,ck_t49_motorcarrier_safety_fitness_proceedings_reference,,,Title 49 FMCSA State Compliance and Proceedings Reference to 49 CFR 386.44,Maps 49 CFR 386.44 to title49.motorcarrier.safety_fitness_proceedings_reference (reference).,true
map_title49_motorcarrier_safety_fitness_proceedings_ref_2d6b2059,compliance_key,fmcsa_fmcsr,title49.motorcarrier.safety_fitness_proceedings_reference,1,t49_sec_386_45,ck_t49_motorcarrier_safety_fitness_proceedings_reference,,,Title 49 FMCSA State Compliance and Proceedings Reference to 49 CFR 386.45,Maps 49 CFR 386.45 to title49.motorcarrier.safety_fitness_proceedings_reference (reference).,true
map_title49_motorcarrier_safety_fitness_proceedings_ref_4c7ad907,compliance_key,fmcsa_fmcsr,title49.motorcarrier.safety_fitness_proceedings_reference,1,t49_sec_386_46,ck_t49_motorcarrier_safety_fitness_proceedings_reference,,,Title 49 FMCSA State Compliance and Proceedings Reference to 49 CFR 386.46,Maps 49 CFR 386.46 to title49.motorcarrier.safety_fitness_proceedings_reference (reference).,true
map_title49_motorcarrier_safety_fitness_proceedings_ref_500e589d,compliance_key,fmcsa_fmcsr,title49.motorcarrier.safety_fitness_proceedings_reference,1,t49_sec_386_47,ck_t49_motorcarrier_safety_fitness_proceedings_reference,,,Title 49 FMCSA State Compliance and Proceedings Reference to 49 CFR 386.47,Maps 49 CFR 386.47 to title49.motorcarrier.safety_fitness_proceedings_reference (reference).,true
map_title49_motorcarrier_safety_fitness_proceedings_ref_280ee4b6,compliance_key,fmcsa_fmcsr,title49.motorcarrier.safety_fitness_proceedings_reference,1,t49_sec_386_48,ck_t49_motorcarrier_safety_fitness_proceedings_reference,,,Title 49 FMCSA State Compliance and Proceedings Reference to 49 CFR 386.48,Maps 49 CFR 386.48 to title49.motorcarrier.safety_fitness_proceedings_reference (reference).,true
map_title49_motorcarrier_safety_fitness_proceedings_ref_d6b837ca,compliance_key,fmcsa_fmcsr,title49.motorcarrier.safety_fitness_proceedings_reference,1,t49_sec_386_49,ck_t49_motorcarrier_safety_fitness_proceedings_reference,,,Title 49 FMCSA State Compliance and Proceedings Reference to 49 CFR 386.49,Maps 49 CFR 386.49 to title49.motorcarrier.safety_fitness_proceedings_reference (reference).,true
map_title49_motorcarrier_safety_fitness_proceedings_ref_fc8a91f2,compliance_key,fmcsa_fmcsr,title49.motorcarrier.safety_fitness_proceedings_reference,1,t49_sec_386_51,ck_t49_motorcarrier_safety_fitness_proceedings_reference,,,Title 49 FMCSA State Compliance and Proceedings Reference to 49 CFR 386.51,Maps 49 CFR 386.51 to title49.motorcarrier.safety_fitness_proceedings_reference (reference).,true
map_title49_motorcarrier_safety_fitness_proceedings_ref_1d133407,compliance_key,fmcsa_fmcsr,title49.motorcarrier.safety_fitness_proceedings_reference,1,t49_sec_386_52,ck_t49_motorcarrier_safety_fitness_proceedings_reference,,,Title 49 FMCSA State Compliance and Proceedings Reference to 49 CFR 386.52,Maps 49 CFR 386.52 to title49.motorcarrier.safety_fitness_proceedings_reference (reference).,true
map_title49_motorcarrier_safety_fitness_proceedings_ref_bae10474,compliance_key,fmcsa_fmcsr,title49.motorcarrier.safety_fitness_proceedings_reference,1,t49_sec_386_53,ck_t49_motorcarrier_safety_fitness_proceedings_reference,,,Title 49 FMCSA State Compliance and Proceedings Reference to 49 CFR 386.53,Maps 49 CFR 386.53 to title49.motorcarrier.safety_fitness_proceedings_reference (reference).,true
map_title49_motorcarrier_safety_fitness_proceedings_ref_b50dc281,compliance_key,fmcsa_fmcsr,title49.motorcarrier.safety_fitness_proceedings_reference,1,t49_sec_386_54,ck_t49_motorcarrier_safety_fitness_proceedings_reference,,,Title 49 FMCSA State Compliance and Proceedings Reference to 49 CFR 386.54,Maps 49 CFR 386.54 to title49.motorcarrier.safety_fitness_proceedings_reference (reference).,true
map_title49_motorcarrier_safety_fitness_proceedings_ref_cfcbfc45,compliance_key,fmcsa_fmcsr,title49.motorcarrier.safety_fitness_proceedings_reference,1,t49_sec_386_55,ck_t49_motorcarrier_safety_fitness_proceedings_reference,,,Title 49 FMCSA State Compliance and Proceedings Reference to 49 CFR 386.55,Maps 49 CFR 386.55 to title49.motorcarrier.safety_fitness_proceedings_reference (reference).,true
map_title49_motorcarrier_safety_fitness_proceedings_ref_a9c7904e,compliance_key,fmcsa_fmcsr,title49.motorcarrier.safety_fitness_proceedings_reference,1,t49_sec_386_56,ck_t49_motorcarrier_safety_fitness_proceedings_reference,,,Title 49 FMCSA State Compliance and Proceedings Reference to 49 CFR 386.56,Maps 49 CFR 386.56 to title49.motorcarrier.safety_fitness_proceedings_reference (reference).,true
map_title49_motorcarrier_safety_fitness_proceedings_ref_cb981ee4,compliance_key,fmcsa_fmcsr,title49.motorcarrier.safety_fitness_proceedings_reference,1,t49_sec_386_57,ck_t49_motorcarrier_safety_fitness_proceedings_reference,,,Title 49 FMCSA State Compliance and Proceedings Reference to 49 CFR 386.57,Maps 49 CFR 386.57 to title49.motorcarrier.safety_fitness_proceedings_reference (reference).,true
map_title49_motorcarrier_safety_fitness_proceedings_ref_53e2de2b,compliance_key,fmcsa_fmcsr,title49.motorcarrier.safety_fitness_proceedings_reference,1,t49_sec_386_58,ck_t49_motorcarrier_safety_fitness_proceedings_reference,,,Title 49 FMCSA State Compliance and Proceedings Reference to 49 CFR 386.58,Maps 49 CFR 386.58 to title49.motorcarrier.safety_fitness_proceedings_reference (reference).,true
map_title49_motorcarrier_safety_fitness_proceedings_ref_b20b3210,compliance_key,fmcsa_fmcsr,title49.motorcarrier.safety_fitness_proceedings_reference,1,t49_subpart_386_e,ck_t49_motorcarrier_safety_fitness_proceedings_reference,,,Title 49 FMCSA State Compliance and Proceedings Reference to 49 CFR Part 386 Subpart E,Maps 49 CFR Part 386 Subpart E to title49.motorcarrier.safety_fitness_proceedings_reference (reference).,true
map_title49_motorcarrier_safety_fitness_proceedings_ref_6d17805f,compliance_key,fmcsa_fmcsr,title49.motorcarrier.safety_fitness_proceedings_reference,1,t49_sec_386_61,ck_t49_motorcarrier_safety_fitness_proceedings_reference,,,Title 49 FMCSA State Compliance and Proceedings Reference to 49 CFR 386.61,Maps 49 CFR 386.61 to title49.motorcarrier.safety_fitness_proceedings_reference (reference).,true
map_title49_motorcarrier_safety_fitness_proceedings_ref_7a465928,compliance_key,fmcsa_fmcsr,title49.motorcarrier.safety_fitness_proceedings_reference,1,t49_sec_386_62,ck_t49_motorcarrier_safety_fitness_proceedings_reference,,,Title 49 FMCSA State Compliance and Proceedings Reference to 49 CFR 386.62,Maps 49 CFR 386.62 to title49.motorcarrier.safety_fitness_proceedings_reference (reference).,true
map_title49_motorcarrier_safety_fitness_proceedings_ref_4e7291d5,compliance_key,fmcsa_fmcsr,title49.motorcarrier.safety_fitness_proceedings_reference,1,t49_sec_386_63,ck_t49_motorcarrier_safety_fitness_proceedings_reference,,,Title 49 FMCSA State Compliance and Proceedings Reference to 49 CFR 386.63,Maps 49 CFR 386.63 to title49.motorcarrier.safety_fitness_proceedings_reference (reference).,true
map_title49_motorcarrier_safety_fitness_proceedings_ref_9ebf47f2,compliance_key,fmcsa_fmcsr,title49.motorcarrier.safety_fitness_proceedings_reference,1,t49_sec_386_64,ck_t49_motorcarrier_safety_fitness_proceedings_reference,,,Title 49 FMCSA State Compliance and Proceedings Reference to 49 CFR 386.64,Maps 49 CFR 386.64 to title49.motorcarrier.safety_fitness_proceedings_reference (reference).,true
map_title49_motorcarrier_safety_fitness_proceedings_ref_830c4d22,compliance_key,fmcsa_fmcsr,title49.motorcarrier.safety_fitness_proceedings_reference,1,t49_sec_386_65,ck_t49_motorcarrier_safety_fitness_proceedings_reference,,,Title 49 FMCSA State Compliance and Proceedings Reference to 49 CFR 386.65,Maps 49 CFR 386.65 to title49.motorcarrier.safety_fitness_proceedings_reference (reference).,true
map_title49_motorcarrier_safety_fitness_proceedings_ref_a578f604,compliance_key,fmcsa_fmcsr,title49.motorcarrier.safety_fitness_proceedings_reference,1,t49_sec_386_66,ck_t49_motorcarrier_safety_fitness_proceedings_reference,,,Title 49 FMCSA State Compliance and Proceedings Reference to 49 CFR 386.66,Maps 49 CFR 386.66 to title49.motorcarrier.safety_fitness_proceedings_reference (reference).,true
map_title49_motorcarrier_safety_fitness_proceedings_ref_10b907e9,compliance_key,fmcsa_fmcsr,title49.motorcarrier.safety_fitness_proceedings_reference,1,t49_sec_386_67,ck_t49_motorcarrier_safety_fitness_proceedings_reference,,,Title 49 FMCSA State Compliance and Proceedings Reference to 49 CFR 386.67,Maps 49 CFR 386.67 to title49.motorcarrier.safety_fitness_proceedings_reference (reference).,true
map_title49_motorcarrier_safety_fitness_proceedings_ref_34e68f62,compliance_key,fmcsa_fmcsr,title49.motorcarrier.safety_fitness_proceedings_reference,1,t49_subpart_386_f,ck_t49_motorcarrier_safety_fitness_proceedings_reference,,,Title 49 FMCSA State Compliance and Proceedings Reference to 49 CFR Part 386 Subpart F,Maps 49 CFR Part 386 Subpart F to title49.motorcarrier.safety_fitness_proceedings_reference (reference).,true
map_title49_motorcarrier_safety_fitness_proceedings_ref_d82c599d,compliance_key,fmcsa_fmcsr,title49.motorcarrier.safety_fitness_proceedings_reference,1,t49_sec_386_71,ck_t49_motorcarrier_safety_fitness_proceedings_reference,,,Title 49 FMCSA State Compliance and Proceedings Reference to 49 CFR 386.71,Maps 49 CFR 386.71 to title49.motorcarrier.safety_fitness_proceedings_reference (reference).,true
map_title49_motorcarrier_safety_fitness_proceedings_ref_9f71a170,compliance_key,fmcsa_fmcsr,title49.motorcarrier.safety_fitness_proceedings_reference,1,t49_sec_386_72,ck_t49_motorcarrier_safety_fitness_proceedings_reference,,,Title 49 FMCSA State Compliance and Proceedings Reference to 49 CFR 386.72,Maps 49 CFR 386.72 to title49.motorcarrier.safety_fitness_proceedings_reference (reference).,true
map_title49_motorcarrier_safety_fitness_proceedings_ref_fb2d4466,compliance_key,fmcsa_fmcsr,title49.motorcarrier.safety_fitness_proceedings_reference,1,t49_sec_386_73,ck_t49_motorcarrier_safety_fitness_proceedings_reference,,,Title 49 FMCSA State Compliance and Proceedings Reference to 49 CFR 386.73,Maps 49 CFR 386.73 to title49.motorcarrier.safety_fitness_proceedings_reference (reference).,true
map_title49_motorcarrier_safety_fitness_proceedings_ref_71fef695,compliance_key,fmcsa_fmcsr,title49.motorcarrier.safety_fitness_proceedings_reference,1,t49_subpart_386_g,ck_t49_motorcarrier_safety_fitness_proceedings_reference,,,Title 49 FMCSA State Compliance and Proceedings Reference to 49 CFR Part 386 Subpart G,Maps 49 CFR Part 386 Subpart G to title49.motorcarrier.safety_fitness_proceedings_reference (reference).,true
map_title49_motorcarrier_safety_fitness_proceedings_ref_68663964,compliance_key,fmcsa_fmcsr,title49.motorcarrier.safety_fitness_proceedings_reference,1,t49_sec_386_81,ck_t49_motorcarrier_safety_fitness_proceedings_reference,,,Title 49 FMCSA State Compliance and Proceedings Reference to 49 CFR 386.81,Maps 49 CFR 386.81 to title49.motorcarrier.safety_fitness_proceedings_reference (reference).,true
map_title49_motorcarrier_safety_fitness_proceedings_ref_60ab4a30,compliance_key,fmcsa_fmcsr,title49.motorcarrier.safety_fitness_proceedings_reference,1,t49_sec_386_82,ck_t49_motorcarrier_safety_fitness_proceedings_reference,,,Title 49 FMCSA State Compliance and Proceedings Reference to 49 CFR 386.82,Maps 49 CFR 386.82 to title49.motorcarrier.safety_fitness_proceedings_reference (reference).,true
map_title49_motorcarrier_safety_fitness_proceedings_ref_7c0bf45b,compliance_key,fmcsa_fmcsr,title49.motorcarrier.safety_fitness_proceedings_reference,1,t49_sec_386_83,ck_t49_motorcarrier_safety_fitness_proceedings_reference,,,Title 49 FMCSA State Compliance and Proceedings Reference to 49 CFR 386.83,Maps 49 CFR 386.83 to title49.motorcarrier.safety_fitness_proceedings_reference (reference).,true
map_title49_motorcarrier_safety_fitness_proceedings_ref_93ea4dc7,compliance_key,fmcsa_fmcsr,title49.motorcarrier.safety_fitness_proceedings_reference,1,t49_sec_386_84,ck_t49_motorcarrier_safety_fitness_proceedings_reference,,,Title 49 FMCSA State Compliance and Proceedings Reference to 49 CFR 386.84,Maps 49 CFR 386.84 to title49.motorcarrier.safety_fitness_proceedings_reference (reference).,true
map_title49_motorcarrier_safety_fitness_proceedings_ref_5f2a1e8f,compliance_key,fmcsa_fmcsr,title49.motorcarrier.safety_fitness_proceedings_reference,1,t49_app_part_386_a,ck_t49_motorcarrier_safety_fitness_proceedings_reference,,,Title 49 FMCSA State Compliance and Proceedings Reference to 49 CFR Appendix A to Part 386,Maps 49 CFR Appendix A to Part 386 to title49.motorcarrier.safety_fitness_proceedings_reference (reference).,true
map_title49_motorcarrier_safety_fitness_proceedings_ref_3802f190,compliance_key,fmcsa_fmcsr,title49.motorcarrier.safety_fitness_proceedings_reference,1,t49_app_part_386_b,ck_t49_motorcarrier_safety_fitness_proceedings_reference,,,Title 49 FMCSA State Compliance and Proceedings Reference to 49 CFR Appendix B to Part 386,Maps 49 CFR Appendix B to Part 386 to title49.motorcarrier.safety_fitness_proceedings_reference (reference).,true
